Workbook

Sheet RAW DATA
A1: Case_ID | B1: Date | C1: Agent_ID | D1: Agent_Name | E1: Team | F1: Channel_Type | G1: Contact_Type | H1: Issue_Category | I1: Handle_Time_Min | J1: Wait_Time_Min | K1: FCR_Flag | L1: CSAT_Score | M1: Sentiment | N1: Escalated | O1: Transfers | P1: Case_Outcome | Q1: Notes | R1: Month
A2: CC-10001 | C2: AG002 | D2: BOB NSHIMIYIMANA | E2: Inbound | F2: Team Alpha | G2: Chat | H2: Billing | J2: 4.3 | K2: Yes | M2: Positive | N2: No | O2: 0 | P2: Abandoned | Q2: Case handled by AG002 | S2: =IFERROR(L2,L3) -> 0
A3: CC-10002 | B3: 2024-02-17 | C3: AG004 | D3: David Habimana | E3: Outbound | F3: Team Beta | G3: Chat | H3: Returns | I3: 8.4 | J3: 6.7 | K3: Yes | L3: 4 | M3: Positive | N3: No | O3: 1 | P3: Escalated | Q3: Case handled by AG004 | S3: =IFERROR(L3,L4) -> 4
A4: CC-10003 | B4: 2024-03-22 | C4: AG007 | D4: Grace Uwase | E4: Email | F4: Team Gamma | G4: Phone | H4: Payment | I4: 7.1 | J4: 5 | K4: Yes | L4: 5 | M4: Positive | N4: No | O4: 1 | P4: Resolved | Q4: Case handled by AG007 | S4: =IFERROR(L4,L5) -> 5
A5: CC-10004 | B5: 2024-07-02 | C5: AG006 | D5: Frank Nzeyimana | E5: Email | F5: Team Gamma | G5: Phone | H5: Returns | I5: 3.7 | J5: 1.8 | K5: Yes | L5: 5 | M5: Very Negative | N5: No | O5: 0 | P5: Transferred | Q5: Case handled by AG006 | S5: =IFERROR(L5,L6) -> 5
A6: CC-10005 | B6: 2024-07-04 | C6: AG010 | D6: John Gasana | E6: Email | F6: Team Gamma | G6: Phone | H6: Technical | I6: 8.4 | J6: 4.7 | K6: Yes | L6: 5 | M6: Very Positive | N6: No | O6: 1 | P6: Resolved | Q6: Case handled by AG010 | S6: =IFERROR(L6,L7) -> 5
A7: CC-10006 | B7: 2024-05-22 | C7: AG008 | D7: Henry Bizimana | E7: Outbound | F7: Team Beta | G7: Phone | H7: Account | I7: 6.1 | J7: 2.6 | K7: Yes | L7: 4 | M7: Very Negative | N7: No | O7: 0 | P7: Callback | Q7: Case handled by AG008 | S7: =IFERROR(L7,L8) -> 4
A8: CC-10007 | B8: 2024-05-05 | C8: AG003 | D8: Claire Mukamana | E8: Outbound | F8: Team Beta | G8: Phone | H8: Shipping | I8: 5.7 | J8: 4.4 | K8: Yes | L8: 5 | M8: Positive | N8: No | O8: 0 | P8: Callback | Q8: Case handled by AG003 | S8: =IFERROR(L8,L9) -> 5
A9: CC-10008 | B9: 2024-06-10 | C9: AG007 | D9: Grace Uwase | E9: Email | F9: Team Gamma | G9: Chat | H9: Payment | I9: 7.8 | J9: 5.4 | K9: Yes | L9: 5 | M9: Very Positive | N9: No | O9: 1 | P9: Escalated | Q9: Case handled by AG007 | S9: =IFERROR(L9,L10) -> 5
A10: CC-10009 | B10: 2024-03-14 | C10: AG005 | D10: Eve Ingabire | E10: Inbound | F10: Team Alpha | G10: Chat | H10: General Inquiry | I10: 11.2 | J10: 6.5 | K10: Yes | L10: 4 | M10: Neutral | N10: No | O10: 1 | P10: Abandoned | Q10: Case handled by AG005 | S10: =IFERROR(L10,L11) -> 4
A11: CC-10010 | B11: 2024-03-11 | C11: AG009 | D11: Irene Mutesi | E11: Inbound | F11: Team Alpha | G11: Chat | H11: Technical | I11: 3 | J11: 4.1 | K11: Yes | L11: 5 | M11: Very Positive | N11: No | O11: 0 | P11: Escalated | Q11: Case handled by AG009 | S11: =IFERROR(L11,L12) -> 5
A12: CC-10011 | B12: 2024-07-14 | C12: AG010 | D12: John Gasana | E12: Email | F12: Team Gamma | G12: Email | H12: Returns | I12: 11.7 | J12: 3.9 | K12: Yes | L12: 5 | M12: Negative | N12: No | O12: 0 | P12: Resolved | Q12: Case handled by AG010 | S12: =IFERROR(L12,L13) -> 5
A13: CC-10012 | B13: 2024-02-27 | C13: AG005 | D13: Eve Ingabire | E13: Inbound | F13: Team Alpha | G13: Phone | H13: Technical | I13: 5 | J13: 4.9 | K13: Yes | L13: 5 | M13: Negative | N13: No | O13: 1 | P13: Abandoned | Q13: Case handled by AG005 | S13: =IFERROR(L13,L14) -> 5
A14: CC-10013 | B14: 2024-11-23 | C14: AG009 | D14: Irene Mutesi | E14: Inbound | F14: Team Alpha | G14: Phone | H14: Password Reset | I14: 6.7 | J14: 3.3 | K14: Yes | L14: 5 | M14: Positive | N14: No | O14: 0 | P14: Abandoned | Q14: Case handled by AG009 | S14: =IFERROR(L14,L15) -> 5
... A36: CC-10035 | B36: 2024-01-13 | C36: AG003 | D36: Claire Mukamana | E36: Outbound | F36: Team Beta | G36: Phone | H36: Technical | I36: 7.8 | J36: 2.2 | K36: Yes | L36: 5 | M36: Very Positive | N36: No | O36: 0 | P36: Callback | Q36: Case handled by AG003 | S36: =IFERROR(L36,L37) -> 5
A37: CC-10036 | B37: 2024-01-20 | C37: AG008 | D37: Henry Bizimana | E37: Outbound | F37: Team Beta | G37: Phone | H37: Billing | J37: 7.6 | K37: Yes | L37: 4 | M37: Neutral | N37: No | O37: 1 | P37: Escalated | Q37: Case handled by AG008 | S37: =IFERROR(L37,L38) -> 4
A38: CC-10037 | B38: 2024-07-23 | C38: AG006 | D38: Frank Nzeyimana | E38: Email | F38: Team Gamma | G38: Chat | H38: General Inquiry | I38: 7.8 | J38: 4.7 | K38: Yes | L38: 5 | M38: Positive | N38: No | O38: 1 | P38: Abandoned | Q38: Case handled by AG006 | S38: =IFERROR(L38,L39) -> 5
A39: CC-10038 | B39: 2024-02-29 | C39: AG005 | D39: Eve Ingabire | E39: Inbound | F39: Team Alpha | G39: Phone | H39: Payment | I39: 11.3 | J39: 8.6 | K39: Yes | L39: 3 | M39: Very Negative | N39: No | O39: 1 | P39: Callback | Q39: Case handled by AG005 | S39: =IFERROR(L39,L40) -> 3
A40: CC-10039 | B40: 2024-09-18 | C40: AG002 | D40: Bob Nshimiyimana | E40: Inbound | F40: Team Alpha | G40: Chat | H40: Technical | I40: 5 | J40: 5.7 | K40: No | L40: 3 | M40: Negative | N40: Yes | O40: 1 | P40: Callback | Q40: Case handled by AG002 | S40: =IFERROR(L40,L41) -> 3
A41: CC-10040 | B41: 2024-11-15 | C41: AG006 | D41: Frank Nzeyimana | E41: Email | F41: Team Gamma | G41: Phone | H41: Payment | I41: 7.2 | J41: 3.1 | K41: Yes | L41: 5 | M41: Negative | N41: No | O41: 1 | P41: Transferred | Q41: Case handled by AG006 | S41: =IFERROR(L41,L42) -> 5
A42: CC-10041 | B42: 2024-10-10 | C42: AG003 | D42: Claire Mukamana | E42: Outbound | F42: Team Beta | G42: Email | H42: Returns | I42: 9.6 | J42: 6.8 | K42: Yes | M42: Very Positive | N42: No | O42: 0 | P42: Abandoned | Q42: Case handled by AG003 | S42: =IFERROR(L42,L43) -> 0
A43: CC-10042 | B43: 2024-10-07 | C43: AG001 | D43: Alice Uwimana | E43: Inbound | F43: Team Alpha | G43: Chat | H43: Password Reset | I43: 7.3 | J43: 5.3 | K43: Yes | L43: 5 | M43: Neutral | N43: No | O43: 1 | P43: Transferred | Q43: Case handled by AG001 | S43: =IFERROR(L43,L44) -> 5
A44: CC-10043 | B44: 2024-09-18 | C44: AG008 | D44: Henry Bizimana | E44: Outbound | F44: Team Beta | G44: Email | H44: General Inquiry | I44: 10.1 | J44: 0 | K44: Yes | L44: 5 | M44: Positive | N44: No | O44: 0 | P44: Callback | Q44: Case handled by AG008 | S44: =IFERROR(L44,L45) -> 5
A45: CC-10044 | B45: 2024-04-30 | C45: AG005 | D45: Eve Ingabire | E45: Inbound | F45: Team Alpha | G45: Phone | H45: Password Reset | I45: 8.3 | J45: 5.3 | K45: No | L45: 1 | M45: Very Positive | N45: Yes | O45: 3 | P45: Abandoned | Q45: Case handled by AG005 | S45: =IFERROR(L45,L46) -> 1
A46: CC-10045 | B46: 2024-11-18 | C46: AG010 | D46: John Gasana | E46: Email | F46: Team Gamma | G46: Phone | H46: Technical | I46: 9.6 | J46: 6.9 | K46: Yes | L46: 4 | M46: Very Positive | N46: No | O46: 0 | P46: Escalated | Q46: Case handled by AG010 | S46: =IFERROR(L46,L47) -> 4
A47: CC-10046 | B47: 2024-04-22 | C47: AG003 | D47: Claire Mukamana | E47: Outbound | F47: Team Beta | G47: Chat | H47: Account | I47: 9.5 | J47: 1.1 | K47: Yes | L47: 4 | M47: Very Positive | N47: No | O47: 0 | P47: Resolved | Q47: Case handled by AG003 | S47: =IFERROR(L47,L48) -> 4
A48: CC-10047 | B48: 2024-12-07 | C48: AG009 | D48: Irene Mutesi | E48: Inbound | F48: Team Alpha | G48: Chat | H48: Account | I48: 12 | J48: 3.8 | K48: No | L48: 5 | M48: Very Positive | N48: No | O48: 1 | P48: Abandoned | Q48: Case handled by AG009 | S48: =IFERROR(L48,L49) -> 5
A49: CC-10048 | B49: 2024-08-18 | C49: AG005 | D49: Eve Ingabire | E49: Inbound | F49: Team Alpha | G49: Phone | H49: Returns | I49: 8.1 | J49: 0.2 | K49: No | L49: 3 | M49: Neutral | N49: No | O49: 1 | P49: Transferred | Q49: Case handled by AG005 | S49: =IFERROR(L49,L50) -> 3
A50: CC-10049 | B50: 2024-05-19 | C50: AG006 | D50: Frank Nzeyimana | E50: Email | F50: Team Gamma | G50: Phone | H50: Technical | I50: 6.4 | J50: 6.3 | K50: Yes | L50: 3 | M50: Very Positive | N50: No | O50: 1 | P50: Escalated | Q50: Case handled by AG006 | S50: =IFERROR(L50,L51) -> 3
A51: CC-10050 | B51: 2024-07-27 | C51: AG006 | D51: Frank Nzeyimana | E51: Email | F51: Team Gamma | G51: Chat | H51: Password Reset | I51: 5 | J51: 3.5 | K51: No | L51: 3 | M51: Positive | N51: Yes | O51: 0 | P51: Abandoned | Q51: Case handled by AG006 | S51: =IFERROR(L51,L52) -> 3
A52: CC-10051 | C52: AG005 | D52: EVE INGABIRE | E52: Inbound | F52: Team Alpha | G52: Email | H52: Shipping | I52: 8.1 | J52: 0.1 | K52: Yes | L52: 5 | M52: Very Positive | N52: No | O52: 1 | P52: Abandoned | Q52: Case handled by AG005 | S52: =IFERROR(L52,L53) -> 5
A53: CC-10052 | B53: 2024-04-22 | C53: AG005 | D53: Eve Ingabire | E53: Inbound | F53: Team Alpha | G53: Chat | H53: Account | I53: 7.3 | J53: 4.2 | K53: Yes | L53: 4 | M53: Very Negative | N53: No | O53: 1 | P53: Escalated | Q53: Case handled by AG005 | S53: =IFERROR(L53,L54) -> 4
A54: CC-10053 | B54: 2024-09-30 | C54: AG001 | D54: Alice Uwimana | E54: Inbound | F54: Team Alpha | G54: Phone | H54: Password Reset | I54: 11.3 | J54: 2.5 | K54: Yes | L54: 5 | M54: Neutral | N54: No | O54: 0 | P54: Transferred | Q54: Case handled by AG001 | S54: =IFERROR(L54,L55) -> 5
A55: CC-10054 | B55: 2024-01-26 | C55: AG005 | D55: Eve Ingabire | E55: Inbound | F55: Team Alpha | G55: Chat | H55: Returns | I55: 6.5 | J55: 4.9 | K55: Yes | L55: 4 | M55: Positive | N55: No | O55: 1 | P55: Callback | Q55: Case handled by AG005 | S55: =IFERROR(L55,L56) -> 4
A56: CC-10055 | B56: 2024-08-28 | C56: AG001 | D56: Alice Uwimana | E56: Inbound | F56: Team Alpha | G56: Phone | H56: Billing | I56: 8 | J56: 3.3 | K56: Yes | L56: 5 | M56: Neutral | N56: No | O56: 0 | P56: Resolved | Q56: Case handled by AG001 | S56: =IFERROR(L56,L57) -> 5
A57: CC-10056 | B57: 2024-04-12 | C57: AG001 | D57: Alice Uwimana | E57: Inbound | F57: Team Alpha | G57: Phone | H57: Password Reset | I57: 6.4 | J57: 3 | K57: Yes | L57: 4 | M57: Negative | N57: No | O57: 0 | P57: Abandoned | Q57: Case handled by AG001 | S57: =IFERROR(L57,L58) -> 4
A58: CC-10057 | B58: 2024-07-07 | C58: AG003 | D58: Claire Mukamana | E58: Outbound | F58: Team Beta | G58: Phone | H58: Billing | I58: 1.9 | J58: 0.8 | K58: Yes | L58: 5 | M58: Negative | N58: No | O58: 0 | P58: Callback | Q58: Case handled by AG003 | S58: =IFERROR(L58,L59) -> 5
A59: CC-10058 | B59: 2024-10-21 | C59: AG007 | D59: Grace Uwase | E59: Email | F59: Team Gamma | G59: Phone | H59: Technical | I59: 4.2 | J59: 5.9 | K59: No | L59: 2 | M59: Very Negative | N59: No | O59: 0 | P59: Resolved | Q59: Case handled by AG007 | S59: =IFERROR(L59,L60) -> 2
A60: CC-10059 | B60: 2024-01-22 | C60: AG006 | D60: Frank Nzeyimana | E60: Email | F60: Team Gamma | G60: Chat | H60: Technical | I60: 3.7 | J60: 3.4 | K60: No | L60: 2 | M60: Very Positive | N60: No | O60: 0 | P60: Transferred | Q60: Case handled by AG006 | S60: =IFERROR(L60,L61) -> 2
A61: CC-10060 | B61: 2024-07-04 | C61: AG008 | D61: Henry Bizimana | E61: Outbound | F61: Team Beta | G61: Email | H61: Password Reset | I61: 7.1 | J61: 1.9 | K61: Yes | L61: 5 | M61: Very Positive | N61: No | O61: 1 | P61: Abandoned | Q61: Case handled by AG008 | S61: =IFERROR(L61,L62) -> 5
A62: CC-10061 | B62: 2024-08-11 | C62: AG010 | D62: John Gasana | E62: Email | F62: Team Gamma | G62: Chat | H62: Shipping | I62: 7.3 | J62: 7.9 | K62: Yes | L62: 5 | M62: Very Positive | N62: No | O62: 0 | P62: Callback | Q62: Case handled by AG010 | S62: =IFERROR(L62,L63) -> 5
A63: CC-10062 | B63: 2024-10-18 | C63: AG010 | D63: John Gasana | E63: Email | F63: Team Gamma | G63: Chat | H63: Shipping | I63: 6.7 | J63: 2.4 | K63: Yes | L63: 4 | M63: Negative | N63: No | O63: 1 | P63: Escalated | Q63: Case handled by AG010 | S63: =IFERROR(L63,L64) -> 4
A64: CC-10063 | B64: 2024-05-12 | C64: AG006 | D64: Frank Nzeyimana | E64: Email | F64: Team Gamma | G64: Phone | H64: Technical | I64: 7.3 | J64: 6.6 | K64: Yes | L64: 5 | M64: Neutral | N64: No | O64: 0 | P64: Abandoned | Q64: Case handled by AG006 | S64: =IFERROR(L64,L65) -> 5
... A71: CC-10070 | B71: 2024-09-08 | C71: AG002 | D71: Bob Nshimiyimana | E71: Inbound | F71: Team Alpha | G71: Email | H71: Payment | I71: 4 | J71: 2.6 | K71: No | L71: 3 | M71: Very Negative | N71: Yes | O71: 1 | P71: Resolved | Q71: Case handled by AG002 | S71: =IFERROR(L71,L72) -> 3
A72: CC-10071 | B72: 2024-11-01 | C72: AG010 | D72: John Gasana | E72: Email | F72: Team Gamma | G72: Email | H72: Payment | J72: 6.4 | K72: Yes | L72: 4 | M72: Negative | N72: No | O72: 1 | P72: Callback | Q72: Case handled by AG010 | S72: =IFERROR(L72,L73) -> 4
A73: CC-10072 | B73: 2024-10-18 | C73: AG010 | D73: John Gasana | E73: Email | F73: Team Gamma | G73: Phone | H73: Account | I73: 15.1 | J73: 5.9 | K73: No | L73: 2 | M73: Neutral | N73: No | O73: 0 | P73: Callback | Q73: Case handled by AG010 | S73: =IFERROR(L73,L74) -> 2
A74: CC-10073 | B74: 2024-03-29 | C74: AG009 | D74: Irene Mutesi | E74: Inbound | F74: Team Alpha | G74: Phone | H74: Shipping | I74: 8.2 | J74: 4.1 | K74: Yes | L74: 4 | M74: Negative | N74: No | O74: 1 | P74: Callback | Q74: Case handled by AG009 | S74: =IFERROR(L74,L75) -> 4
A75: CC-10074 | B75: 2024-12-27 | C75: AG005 | D75: Eve Ingabire | E75: Inbound | F75: Team Alpha | G75: Phone | H75: Payment | I75: 7 | J75: 1.9 | K75: Yes | L75: 5 | M75: Positive | N75: No | O75: 1 | P75: Abandoned | Q75: Case handled by AG005 | S75: =IFERROR(L75,L76) -> 5
A76: CC-10075 | B76: 2024-10-05 | C76: AG004 | D76: David Habimana | E76: Outbound | F76: Team Beta | G76: Phone | H76: Returns | I76: 4.1 | J76: 0.5 | K76: Yes | L76: 5 | M76: Very Negative | N76: No | O76: 0 | P76: Resolved | Q76: Case handled by AG004 | S76: =IFERROR(L76,L77) -> 5
A77: CC-10076 | B77: 2024-10-18 | C77: AG005 | D77: EVE INGABIRE | E77: Inbound | F77: Team Alpha | G77: Email | H77: Password Reset | I77: 4.9 | J77: 4.8 | K77: Yes | L77: 4 | M77: Very Positive | N77: No | O77: 1 | P77: Callback | Q77: Case handled by AG005 | S77: =IFERROR(L77,L78) -> 4
A78: CC-10077 | B78: 2024-02-11 | C78: AG010 | D78: John Gasana | E78: Email | F78: Team Gamma | G78: Phone | H78: Shipping | I78: 11.1 | J78: 4.5 | K78: Yes | L78: 4 | M78: Very Negative | N78: No | O78: 1 | P78: Resolved | Q78: Case handled by AG010 | S78: =IFERROR(L78,L79) -> 4
A79: CC-10078 | B79: 2024-10-27 | C79: AG001 | D79: Alice Uwimana | E79: Inbound | F79: Team Alpha | G79: Email | H79: Password Reset | I79: 12.5 | J79: 4 | K79: Yes | L79: 3 | M79: Negative | N79: No | O79: 0 | P79: Transferred | Q79: Case handled by AG001 | S79: =IFERROR(L79,L80) -> 3
A80: CC-10079 | B80: 2024-04-02 | C80: AG010 | D80: John Gasana | E80: Email | F80: Team Gamma | G80: Chat | H80: General Inquiry | I80: 2.9 | J80: 5.4 | K80: Yes | L80: 5 | M80: Negative | N80: No | O80: 1 | P80: Callback | Q80: Case handled by AG010 | S80: =IFERROR(L80,L81) -> 5
A81: CC-10080 | B81: 2024-12-09 | C81: AG002 | D81: Bob Nshimiyimana | E81: Inbound | F81: Team Alpha | G81: Email | H81: Billing | I81: 9.7 | J81: 2.6 | K81: Yes | L81: 5 | M81: Very Positive | N81: No | O81: 1 | P81: Transferred | Q81: Case handled by AG002 | S81: =IFERROR(L81,L82) -> 5
A82: CC-10081 | B82: 2024-02-15 | C82: AG006 | D82: Frank Nzeyimana | E82: Email | F82: Team Gamma | G82: Chat | H82: Payment | I82: 8 | J82: 5 | K82: Yes | M82: Positive | N82: No | O82: 0 | P82: Abandoned | Q82: Case handled by AG006 | S82: =IFERROR(L82,L83) -> 0
A83: CC-10082 | B83: 2024-04-06 | C83: AG009 | D83: Irene Mutesi | E83: Inbound | F83: Team Alpha | G83: Phone | H83: Account | I83: 4.7 | J83: 6.6 | K83: Yes | L83: 4 | M83: Negative | N83: No | O83: 0 | P83: Escalated | Q83: Case handled by AG009 | S83: =IFERROR(L83,L84) -> 4
A84: CC-10083 | B84: 2024-08-12 | C84: AG008 | D84: Henry Bizimana | E84: Outbound | F84: Team Beta | G84: Email | H84: Billing | I84: 13.8 | J84: 7.7 | K84: Yes | L84: 4 | M84: Very Negative | N84: No | O84: 0 | P84: Callback | Q84: Case handled by AG008 | S84: =IFERROR(L84,L85) -> 4
A85: CC-10084 | B85: 2024-07-27 | C85: AG002 | D85: Bob Nshimiyimana | E85: Inbound | F85: Team Alpha | G85: Phone | H85: Returns | I85: 8.9 | J85: 7.8 | K85: No | L85: 2 | M85: Very Positive | N85: No | O85: 0 | P85: Transferred | Q85: Case handled by AG002 | S85: =IFERROR(L85,L86) -> 2
A86: CC-10085 | B86: 2024-09-04 | C86: AG008 | D86: Henry Bizimana | E86: Outbound | F86: Team Beta | G86: Phone | H86: Payment | I86: 8.1 | J86: 6.5 | K86: Yes | L86: 4 | M86: Negative | N86: No | O86: 0 | P86: Resolved | Q86: Case handled by AG008 | S86: =IFERROR(L86,L87) -> 4
A87: CC-10086 | B87: 2024-09-16 | C87: AG005 | D87: Eve Ingabire | E87: Inbound | F87: Team Alpha | G87: Chat | H87: Password Reset | I87: 9 | J87: 2.5 | K87: Yes | L87: 4 | M87: Negative | N87: No | O87: 1 | P87: Escalated | Q87: Case handled by AG005 | S87: =IFERROR(L87,L88) -> 4
A88: CC-10087 | B88: 2024-06-19 | C88: AG009 | D88: Irene Mutesi | E88: Inbound | F88: Team Alpha | G88: Email | H88: Payment | I88: 8.2 | J88: 2.1 | K88: Yes | L88: 5 | M88: Neutral | N88: No | O88: 0 | P88: Escalated | Q88: Case handled by AG009 | S88: =IFERROR(L88,L89) -> 5
A89: CC-10088 | B89: 2024-07-29 | C89: AG001 | D89: Alice Uwimana | E89: Inbound | F89: Team Alpha | G89: Phone | H89: Password Reset | I89: 6.6 | J89: 6.1 | K89: Yes | L89: 5 | M89: Positive | N89: No | O89: 1 | P89: Transferred | Q89: Case handled by AG001 | S89: =IFERROR(L89,L90) -> 5
A90: CC-10089 | B90: 2024-03-05 | C90: AG009 | D90: Irene Mutesi | E90: Inbound | F90: Team Alpha | G90: Chat | H90: Billing | I90: 10.6 | J90: 3.6 | K90: No | L90: 2 | M90: Neutral | N90: No | O90: 0 | P90: Abandoned | Q90: Case handled by AG009 | S90: =IFERROR(L90,L91) -> 2
A91: CC-10090 | B91: 2024-07-28 | C91: AG003 | D91: Claire Mukamana | E91: Outbound | F91: Team Beta | G91: Chat | H91: General Inquiry | I91: 12.7 | J91: 5.6 | K91: No | L91: 3 | M91: Very Positive | N91: No | O91: 1 | P91: Abandoned | Q91: Case handled by AG003 | S91: =IFERROR(L91,L92) -> 3
A92: CC-10091 | B92: 2024-10-04 | C92: AG001 | D92: Alice Uwimana | E92: Inbound | F92: Team Alpha | G92: Phone | H92: Payment | I92: 6.4 | J92: 3 | K92: Yes | L92: 5 | M92: Positive | N92: No | O92: 1 | P92: Escalated | Q92: Case handled by AG001 | S92: =IFERROR(L92,L93) -> 5
A93: CC-10092 | B93: 2024-11-20 | C93: AG002 | D93: Bob Nshimiyimana | E93: Inbound | F93: Team Alpha | G93: Phone | H93: Returns | I93: 3.7 | J93: 5.1 | K93: Yes | L93: 5 | M93: Negative | N93: No | O93: 0 | P93: Callback | Q93: Case handled by AG002 | S93: =IFERROR(L93,L94) -> 5
A94: CC-10093 | B94: 2024-07-10 | C94: AG007 | D94: Grace Uwase | E94: Email | F94: Team Gamma | G94: Phone | H94: Technical | I94: 10.3 | J94: 6 | K94: Yes | L94: 4 | M94: Very Negative | N94: No | O94: 0 | P94: Escalated | Q94: Case handled by AG007 | S94: =IFERROR(L94,L95) -> 4
... A101: CC-10100 | B101: 2024-02-16 | C101: AG005 | D101: Eve Ingabire | E101: Inbound | F101: Team Alpha | G101: Phone | H101: Password Reset | I101: 6.6 | J101: 5.8 | K101: No | L101: 3 | M101: Negative | N101: No | O101: 1 | P101: Escalated | Q101: Case handled by AG005 | S101: =IFERROR(L101,L102) -> 3
A102: CC-10101 | C102: AG002 | D102: BOB NSHIMIYIMANA | E102: Inbound | F102: Team Alpha | G102: Email | H102: General Inquiry | I102: 6.8 | J102: 4.2 | K102: Yes | L102: 5 | M102: Positive | N102: No | O102: 0 | P102: Transferred | Q102: Case handled by AG002 | S102: =IFERROR(L102,L103) -> 5
A103: CC-10102 | B103: 2024-07-21 | C103: AG001 | D103: Alice Uwimana | E103: Inbound | F103: Team Alpha | G103: Chat | H103: General Inquiry | I103: 7.9 | J103: 5 | K103: Yes | L103: 4 | M103: Positive | N103: No | O103: 1 | P103: Abandoned | Q103: Case handled by AG001 | S103: =IFERROR(L103,L104) -> 4
A104: CC-10103 | B104: 2024-12-11 | C104: AG004 | D104: David Habimana | E104: Outbound | F104: Team Beta | G104: Phone | H104: Technical | I104: 3.9 | J104: 4.5 | K104: Yes | L104: 5 | M104: Very Positive | N104: No | O104: 1 | P104: Abandoned | Q104: Case handled by AG004 | S104: =IFERROR(L104,L105) -> 5
A105: CC-10104 | B105: 2024-12-24 | C105: AG005 | D105: Eve Ingabire | E105: Inbound | F105: Team Alpha | G105: Phone | H105: Shipping | I105: 7.1 | J105: 3.2 | K105: No | L105: 1 | M105: Very Negative | N105: Yes | O105: 3 | P105: Resolved | Q105: Case handled by AG005 | S105: =IFERROR(L105,L106) -> 1
A106: CC-10105 | B106: 2024-03-10 | C106: AG007 | D106: Grace Uwase | E106: Email | F106: Team Gamma | G106: Phone | H106: Payment | I106: 3.7 | J106: 4.9 | K106: Yes | L106: 5 | M106: Positive | N106: No | O106: 1 | P106: Abandoned | Q106: Case handled by AG007 | S106: =IFERROR(L106,L107) -> 5
A107: CC-10106 | B107: 2024-09-07 | C107: AG010 | D107: John Gasana | E107: Email | F107: Team Gamma | G107: Phone | H107: General Inquiry | J107: 6.7 | K107: No | L107: 1 | M107: Positive | N107: Yes | O107: 3 | P107: Transferred | Q107: Case handled by AG010 | S107: =IFERROR(L107,L108) -> 1
A108: CC-10107 | B108: 2024-12-17 | C108: AG006 | D108: Frank Nzeyimana | E108: Email | F108: Team Gamma | G108: Phone | H108: Technical | I108: 1 | J108: 2.5 | K108: Yes | L108: 4 | M108: Very Positive | N108: No | O108: 1 | P108: Callback | Q108: Case handled by AG006 | S108: =IFERROR(L108,L109) -> 4
A109: CC-10108 | B109: 2024-02-16 | C109: AG004 | D109: David Habimana | E109: Outbound | F109: Team Beta | G109: Email | H109: Shipping | I109: 5.5 | J109: 1.9 | K109: No | L109: 1 | M109: Positive | N109: No | O109: 0 | P109: Escalated | Q109: Case handled by AG004 | S109: =IFERROR(L109,L110) -> 1
A110: CC-10109 | B110: 2024-10-10 | C110: AG004 | D110: David Habimana | E110: Outbound | F110: Team Beta | G110: Phone | H110: Account | I110: 3.3 | J110: 2.1 | K110: Yes | L110: 3 | M110: Very Negative | N110: No | O110: 0 | P110: Callback | Q110: Case handled by AG004 | S110: =IFERROR(L110,L111) -> 3
A111: CC-10110 | B111: 2024-05-08 | C111: AG003 | D111: Claire Mukamana | E111: Outbound | F111: Team Beta | G111: Phone | H111: Billing | I111: 12.6 | J111: 6.6 | K111: No | L111: 3 | M111: Neutral | N111: No | O111: 0 | P111: Abandoned | Q111: Case handled by AG003 | S111: =IFERROR(L111,L112) -> 3
A112: CC-10111 | B112: 2024-05-15 | C112: AG001 | D112: Alice Uwimana | E112: Inbound | F112: Team Alpha | G112: Email | H112: Technical | I112: 10.2 | J112: 5.5 | K112: No | L112: 2 | M112: Very Positive | N112: Yes | O112: 3 | P112: Callback | Q112: Case handled by AG001 | S112: =IFERROR(L112,L113) -> 2
A113: CC-10112 | B113: 2024-09-14 | C113: AG004 | D113: David Habimana | E113: Outbound | F113: Team Beta | G113: Phone | H113: Billing | I113: 8.8 | J113: 3.8 | K113: Yes | L113: 5 | M113: Very Positive | N113: No | O113: 1 | P113: Transferred | Q113: Case handled by AG004 | S113: =IFERROR(L113,L114) -> 5
A114: CC-10113 | B114: 2024-07-24 | C114: AG007 | D114: Grace Uwase | E114: Email | F114: Team Gamma | G114: Phone | H114: Account | I114: 6.6 | J114: 1.9 | K114: Yes | L114: 5 | M114: Positive | N114: No | O114: 0 | P114: Resolved | Q114: Case handled by AG007 | S114: =IFERROR(L114,L115) -> 5
A115: CC-10114 | B115: 2024-03-05 | C115: AG005 | D115: Eve Ingabire | E115: Inbound | F115: Team Alpha | G115: Email | H115: Returns | I115: 5.2 | J115: 2.1 | K115: Yes | L115: 5 | M115: Very Positive | N115: No | O115: 1 | P115: Abandoned | Q115: Case handled by AG005 | S115: =IFERROR(L115,L116) -> 5
A116: CC-10115 | B116: 2024-09-15 | C116: AG010 | D116: John Gasana | E116: Email | F116: Team Gamma | G116: Chat | H116: Shipping | I116: 3.2 | J116: 5.5 | K116: No | L116: 2 | M116: Very Positive | N116: No | O116: 0 | P116: Transferred | Q116: Case handled by AG010 | S116: =IFERROR(L116,L117) -> 2
A117: CC-10116 | B117: 2024-06-22 | C117: AG008 | D117: Henry Bizimana | E117: Outbound | F117: Team Beta | G117: Phone | H117: Account | I117: 4.1 | J117: 5.9 | K117: Yes | L117: 4 | M117: Very Positive | N117: No | O117: 1 | P117: Callback | Q117: Case handled by AG008 | S117: =IFERROR(L117,L118) -> 4
A118: CC-10117 | B118: 2024-02-04 | C118: AG002 | D118: Bob Nshimiyimana | E118: Inbound | F118: Team Alpha | G118: Phone | H118: General Inquiry | I118: 8.7 | J118: 3.2 | K118: No | L118: 2 | M118: Positive | N118: No | O118: 0 | P118: Abandoned | Q118: Case handled by AG002 | S118: =IFERROR(L118,L119) -> 2
A119: CC-10118 | B119: 2024-07-29 | C119: AG006 | D119: Frank Nzeyimana | E119: Email | F119: Team Gamma | G119: Phone | H119: General Inquiry | I119: 13 | J119: 0.6 | K119: Yes | L119: 4 | M119: Positive | N119: No | O119: 1 | P119: Abandoned | Q119: Case handled by AG006 | S119: =IFERROR(L119,L120) -> 4
... A121: CC-10120 | B121: 2024-10-20 | C121: AG004 | D121: David Habimana | E121: Outbound | F121: Team Beta | G121: Phone | H121: Billing | I121: 10 | J121: 0.4 | K121: Yes | L121: 5 | M121: Neutral | N121: No | O121: 0 | P121: Abandoned | Q121: Case handled by AG004 | S121: =IFERROR(L121,L122) -> 5
A122: CC-10121 | B122: 2024-05-19 | C122: AG005 | D122: Eve Ingabire | E122: Inbound | F122: Team Alpha | G122: Phone | H122: Billing | I122: 10.5 | J122: 3.1 | K122: Yes | M122: Positive | N122: No | O122: 1 | P122: Resolved | Q122: Case handled by AG005 | S122: =IFERROR(L122,L123) -> 0
A123: CC-10122 | B123: 2024-09-28 | C123: AG004 | D123: David Habimana | E123: Outbound | F123: Team Beta | G123: Phone | H123: Account | I123: 5.7 | J123: 5.5 | K123: No | L123: 3 | M123: Very Negative | N123: No | O123: 0 | P123: Resolved | Q123: Case handled by AG004 | S123: =IFERROR(L123,L124) -> 3
A124: CC-10123 | B124: 2024-01-26 | C124: AG002 | D124: Bob Nshimiyimana | E124: Inbound | F124: Team Alpha | G124: Phone | H124: Shipping | I124: 7.4 | J124: 6.9 | K124: Yes | L124: 4 | M124: Very Negative | N124: No | O124: 1 | P124: Transferred | Q124: Case handled by AG002 | S124: =IFERROR(L124,L125) -> 4
A125: CC-10124 | B125: 2024-02-28 | C125: AG006 | D125: Frank Nzeyimana | E125: Email | F125: Team Gamma | G125: Phone | H125: Billing | I125: 5.8 | J125: 4.7 | K125: Yes | L125: 5 | M125: Neutral | N125: No | O125: 1 | P125: Abandoned | Q125: Case handled by AG006 | S125: =IFERROR(L125,L126) -> 5
A126: CC-10125 | B126: 2024-07-21 | C126: AG010 | D126: John Gasana | E126: Email | F126: Team Gamma | G126: Phone | H126: General Inquiry | I126: 9.9 | J126: 4.5 | K126: Yes | L126: 5 | M126: Positive | N126: No | O126: 0 | P126: Callback | Q126: Case handled by AG010 | S126: =IFERROR(L126,L127) -> 5
A127: CC-10126 | B127: 2024-01-04 | C127: AG008 | D127: HENRY BIZIMANA | E127: Outbound | F127: Team Beta | G127: Email | H127: General Inquiry | I127: 8 | J127: 2.8 | K127: Yes | L127: 4 | M127: Positive | N127: No | O127: 0 | P127: Abandoned | Q127: Case handled by AG008 | S127: =IFERROR(L127,L128) -> 4
A128: CC-10127 | B128: 2024-07-22 | C128: AG001 | D128: Alice Uwimana | E128: Inbound | F128: Team Alpha | G128: Chat | H128: Payment | I128: 4.9 | J128: 4.9 | K128: No | L128: 2 | M128: Negative | N128: Yes | O128: 3 | P128: Abandoned | Q128: Case handled by AG001 | S128: =IFERROR(L128,L129) -> 2
A129: CC-10128 | B129: 2024-02-28 | C129: AG007 | D129: Grace Uwase | E129: Email | F129: Team Gamma | G129: Phone | H129: Payment | I129: 10.6 | J129: 4.2 | K129: Yes | L129: 5 | M129: Positive | N129: No | O129: 1 | P129: Callback | Q129: Case handled by AG007 | S129: =IFERROR(L129,L130) -> 5
A130: CC-10129 | B130: 2024-05-04 | C130: AG007 | D130: Grace Uwase | E130: Email | F130: Team Gamma | G130: Phone | H130: General Inquiry | I130: 4.9 | J130: 2.7 | K130: Yes | L130: 4 | M130: Neutral | N130: No | O130: 1 | P130: Callback | Q130: Case handled by AG007 | S130: =IFERROR(L130,L131) -> 4
A131: CC-10130 | B131: 2024-02-09 | C131: AG009 | D131: Irene Mutesi | E131: Inbound | F131: Team Alpha | G131: Phone | H131: Account | I131: 5.5 | J131: 2.2 | K131: No | L131: 3 | M131: Negative | N131: Yes | O131: 1 | P131: Escalated | Q131: Case handled by AG009 | S131: =IFERROR(L131,L132) -> 3
A132: CC-10131 | B132: 2024-04-11 | C132: AG003 | D132: Claire Mukamana | E132: Outbound | F132: Team Beta | G132: Chat | H132: Password Reset | I132: 3.9 | J132: 2 | K132: Yes | L132: 5 | M132: Very Negative | N132: No | O132: 0 | P132: Transferred | Q132: Case handled by AG003 | S132: =IFERROR(L132,L133) -> 5
A133: CC-10132 | B133: 2024-11-25 | C133: AG010 | D133: John Gasana | E133: Email | F133: Team Gamma | G133: Chat | H133: Password Reset | I133: 4.5 | J133: 8.8 | K133: Yes | L133: 4 | M133: Negative | N133: No | O133: 1 | P133: Resolved | Q133: Case handled by AG010 | S133: =IFERROR(L133,L134) -> 4
A134: CC-10133 | B134: 2024-05-20 | C134: AG010 | D134: John Gasana | E134: Email | F134: Team Gamma | G134: Phone | H134: General Inquiry | I134: 11.3 | J134: 4.8 | K134: Yes | L134: 4 | M134: Negative | N134: No | O134: 1 | P134: Resolved | Q134: Case handled by AG010 | S134: =IFERROR(L134,L135) -> 4
...

Sheet Cleaned Data 
A1: Case_ID | B1: Date | C1: Agent_ID | D1: Agent_Name | E1: Channel_Type | F1: Team | G1: Contact_Type | H1: Issue_Category | I1: Handle_Time_Min | J1: Wait_Time_Min | K1: FCR_Flag | L1: CSAT_Score | M1: Sentiment | N1: Escalated | O1: Transfers | P1: Case_Outcome | Q1: Notes | R1: Month | S1: Month Number | T1: Quarter | U1: HT | V1: Missing-Date | W1: Duplicates
A2: CC-10001 | B2: =IFERROR(IF('RAW DATA'!B2="","Missing",TEXT('RAW DATA'!B2,"YYYY-MM-DAY")),0) -> Missing | C2: AG002 | D2: =PROPER('RAW DATA'!D2) -> Bob Nshimiyimana | E2: Inbound | F2: Team Alpha | G2: Chat | H2: Billing | I2: =IFERROR(IF('RAW DATA'!I2="",AVERAGE('RAW DATA'!I$2:I$301),'RAW DATA'!I2),0) -> 7.6041237 | J2: 4.3 | K2: Yes | L2: =IFERROR(IF('RAW DATA'!L2="",3,'RAW DATA'!L2),3) -> 3 | M2: Positive | N2: No | O2: 0 | P2: Abandoned | Q2: Case handled by AG002 | R2: =IFERROR(TEXT('RAW DATA'!B2,"MMMM"),"UKNNOWN") -> January | S2: =IFERROR(MONTH('RAW DATA'!B2),0) -> 1 | T2: =IF(S2<=3,"Q1",IF(S2<=6,"Q2",IF(S2<=9,"Q3","Q4"))) -> Q1 | U2: =IF('RAW DATA'!I2>20,"High",IF('RAW DATA'!I2>10,"Medium","Low")) -> Low | V2: =IF('RAW DATA'!B2="","Yes","No") -> Yes | W2: =IF(COUNTIF(A$2:A301,A2)>1,"Duplicate","OK") -> OK | X2: =IFERROR(L2,L3) -> 3
A3: CC-10002 | B3: =IFERROR(IF('RAW DATA'!B3="","Missing",TEXT('RAW DATA'!B3,"YYYY-MM-DAY")),0) -> 2024-02-17A24 | C3: AG004 | D3: =PROPER('RAW DATA'!D3) -> David Habimana | E3: Outbound | F3: Team Beta | G3: Chat | H3: Returns | I3: =IFERROR(IF('RAW DATA'!I3="",AVERAGE('RAW DATA'!I$2:I$301),'RAW DATA'!I3),0) -> 8.4 | J3: 6.7 | K3: Yes | L3: =IFERROR(IF('RAW DATA'!L3="",3,'RAW DATA'!L3),3) -> 4 | M3: Positive | N3: No | O3: 1 | P3: Escalated | Q3: Case handled by AG004 | R3: =IFERROR(TEXT('RAW DATA'!B3,"MMMM"),"UKNNOWN") -> February | S3: =IFERROR(MONTH('RAW DATA'!B3),0) -> 2 | T3: =IF(S3<=3,"Q1",IF(S3<=6,"Q2",IF(S3<=9,"Q3","Q4"))) -> Q1 | U3: =IF('RAW DATA'!I3>20,"High",IF('RAW DATA'!I3>10,"Medium","Low")) -> Low | V3: =IF('RAW DATA'!B3="","Yes","No") -> No | W3: =IF(COUNTIF(A$2:A302,A3)>1,"Duplicate","OK") -> OK | X3: =IFERROR(L3,L4) -> 4
A4: CC-10003 | B4: =IFERROR(IF('RAW DATA'!B4="","Missing",TEXT('RAW DATA'!B4,"YYYY-MM-DAY")),"INVALID DATE") -> 2024-03-22A24 | C4: AG007 | D4: =PROPER('RAW DATA'!D4) -> Grace Uwase | E4: Email | F4: Team Gamma | G4: Phone | H4: Payment | I4: =IFERROR(IF('RAW DATA'!I4="",AVERAGE('RAW DATA'!I$2:I$301),'RAW DATA'!I4),0) -> 7.1 | J4: 5 | K4: Yes | L4: =IFERROR(IF('RAW DATA'!L4="",3,'RAW DATA'!L4),3) -> 5 | M4: Positive | N4: No | O4: 1 | P4: Resolved | Q4: Case handled by AG007 | R4: =IFERROR(TEXT('RAW DATA'!B4,"MMMM"),"UKNNOWN") -> March | S4: =IFERROR(MONTH('RAW DATA'!B4),0) -> 3 | T4: =IF(S4<=3,"Q1",IF(S4<=6,"Q2",IF(S4<=9,"Q3","Q4"))) -> Q1 | U4: =IF('RAW DATA'!I4>20,"High",IF('RAW DATA'!I4>10,"Medium","Low")) -> Low | V4: =IF('RAW DATA'!B4="","Yes","No") -> No | W4: =IF(COUNTIF(A$2:A303,A4)>1,"Duplicate","OK") -> OK | X4: =IFERROR(L4,L5) -> 5
A5: CC-10004 | B5: =IFERROR(IF('RAW DATA'!B5="","Missing",TEXT('RAW DATA'!B5,"YYYY-MM-DAY")),"INVALID DATE") -> 2024-07-2A24 | C5: AG006 | D5: =PROPER('RAW DATA'!D5) -> Frank Nzeyimana | E5: Email | F5: Team Gamma | G5: Phone | H5: Returns | I5: =IFERROR(IF('RAW DATA'!I5="",AVERAGE('RAW DATA'!I$2:I$301),'RAW DATA'!I5),0) -> 3.7 | J5: 1.8 | K5: Yes | L5: =IFERROR(IF('RAW DATA'!L5="",3,'RAW DATA'!L5),3) -> 5 | M5: Very Negative | N5: No | O5: 0 | P5: Transferred | Q5: Case handled by AG006 | R5: =IFERROR(TEXT('RAW DATA'!B5,"MMMM"),"UKNNOWN") -> July | S5: =IFERROR(MONTH('RAW DATA'!B5),0) -> 7 | T5: =IF(S5<=3,"Q1",IF(S5<=6,"Q2",IF(S5<=9,"Q3","Q4"))) -> Q3 | U5: =IF('RAW DATA'!I5>20,"High",IF('RAW DATA'!I5>10,"Medium","Low")) -> Low | V5: =IF('RAW DATA'!B5="","Yes","No") -> No | W5: =IF(COUNTIF(A$2:A304,A5)>1,"Duplicate","OK") -> OK | X5: =IFERROR(L5,L6) -> 5
A6: CC-10005 | B6: =IFERROR(IF('RAW DATA'!B6="","Missing",TEXT('RAW DATA'!B6,"YYYY-MM-DAY")),"INVALID DATE") -> 2024-07-4A24 | C6: AG010 | D6: =PROPER('RAW DATA'!D6) -> John Gasana | E6: Email | F6: Team Gamma | G6: Phone | H6: Technical | I6: =IFERROR(IF('RAW DATA'!I6="",AVERAGE('RAW DATA'!I$2:I$301),'RAW DATA'!I6),0) -> 8.4 | J6: 4.7 | K6: Yes | L6: =IFERROR(IF('RAW DATA'!L6="",3,'RAW DATA'!L6),3) -> 5 | M6: Very Positive | N6: No | O6: 1 | P6: Resolved | Q6: Case handled by AG010 | R6: =IFERROR(TEXT('RAW DATA'!B6,"MMMM"),"UKNNOWN") -> July | S6: =IFERROR(MONTH('RAW DATA'!B6),0) -> 7 | T6: =IF(S6<=3,"Q1",IF(S6<=6,"Q2",IF(S6<=9,"Q3","Q4"))) -> Q3 | U6: =IF('RAW DATA'!I6>20,"High",IF('RAW DATA'!I6>10,"Medium","Low")) -> Low | V6: =IF('RAW DATA'!B6="","Yes","No") -> No | W6: =IF(COUNTIF(A$2:A305,A6)>1,"Duplicate","OK") -> OK | X6: =IFERROR(L6,L7) -> 5
A7: CC-10006 | B7: =IFERROR(IF('RAW DATA'!B7="","Missing",TEXT('RAW DATA'!B7,"YYYY-MM-DAY")),"INVALID DATE") -> 2024-05-22A24 | C7: AG008 | D7: =PROPER('RAW DATA'!D7) -> Henry Bizimana | E7: Outbound | F7: Team Beta | G7: Phone | H7: Account | I7: =IFERROR(IF('RAW DATA'!I7="",AVERAGE('RAW DATA'!I$2:I$301),'RAW DATA'!I7),0) -> 6.1 | J7: 2.6 | K7: Yes | L7: =IFERROR(IF('RAW DATA'!L7="",3,'RAW DATA'!L7),3) -> 4 | M7: Very Negative | N7: No | O7: 0 | P7: Callback | Q7: Case handled by AG008 | R7: =IFERROR(TEXT('RAW DATA'!B7,"MMMM"),"UKNNOWN") -> May | S7: =IFERROR(MONTH('RAW DATA'!B7),0) -> 5 | T7: =IF(S7<=3,"Q1",IF(S7<=6,"Q2",IF(S7<=9,"Q3","Q4"))) -> Q2 | U7: =IF('RAW DATA'!I7>20,"High",IF('RAW DATA'!I7>10,"Medium","Low")) -> Low | V7: =IF('RAW DATA'!B7="","Yes","No") -> No | W7: =IF(COUNTIF(A$2:A306,A7)>1,"Duplicate","OK") -> OK | X7: =IFERROR(L7,L8) -> 4
A8: CC-10007 | B8: =IFERROR(IF('RAW DATA'!B8="","Missing",TEXT('RAW DATA'!B8,"YYYY-MM-DAY")),"INVALID DATE") -> 2024-05-5A24 | C8: AG003 | D8: =PROPER('RAW DATA'!D8) -> Claire Mukamana | E8: Outbound | F8: Team Beta | G8: Phone | H8: Shipping | I8: =IFERROR(IF('RAW DATA'!I8="",AVERAGE('RAW DATA'!I$2:I$301),'RAW DATA'!I8),0) -> 5.7 | J8: 4.4 | K8: Yes | L8: =IFERROR(IF('RAW DATA'!L8="",3,'RAW DATA'!L8),3) -> 5 | M8: Positive | N8: No | O8: 0 | P8: Callback | Q8: Case handled by AG003 | R8: =IFERROR(TEXT('RAW DATA'!B8,"MMMM"),"UKNNOWN") -> May | S8: =IFERROR(MONTH('RAW DATA'!B8),0) -> 5 | T8: =IF(S8<=3,"Q1",IF(S8<=6,"Q2",IF(S8<=9,"Q3","Q4"))) -> Q2 | U8: =IF('RAW DATA'!I8>20,"High",IF('RAW DATA'!I8>10,"Medium","Low")) -> Low | V8: =IF('RAW DATA'!B8="","Yes","No") -> No | W8: =IF(COUNTIF(A$2:A307,A8)>1,"Duplicate","OK") -> OK | X8: =IFERROR(L8,L9) -> 5
A9: CC-10008 | B9: =IFERROR(IF('RAW DATA'!B9="","Missing",TEXT('RAW DATA'!B9,"YYYY-MM-DAY")),"INVALID DATE") -> 2024-06-10A24 | C9: AG007 | D9: =PROPER('RAW DATA'!D9) -> Grace Uwase | E9: Email | F9: Team Gamma | G9: Chat | H9: Payment | I9: =IFERROR(IF('RAW DATA'!I9="",AVERAGE('RAW DATA'!I$2:I$301),'RAW DATA'!I9),0) -> 7.8 | J9: 5.4 | K9: Yes | L9: =IFERROR(IF('RAW DATA'!L9="",3,'RAW DATA'!L9),3) -> 5 | M9: Very Positive | N9: No | O9: 1 | P9: Escalated | Q9: Case handled by AG007 | R9: =IFERROR(TEXT('RAW DATA'!B9,"MMMM"),"UKNNOWN") -> June | S9: =IFERROR(MONTH('RAW DATA'!B9),0) -> 6 | T9: =IF(S9<=3,"Q1",IF(S9<=6,"Q2",IF(S9<=9,"Q3","Q4"))) -> Q2 | U9: =IF('RAW DATA'!I9>20,"High",IF('RAW DATA'!I9>10,"Medium","Low")) -> Low | V9: =IF('RAW DATA'!B9="","Yes","No") -> No | W9: =IF(COUNTIF(A$2:A308,A9)>1,"Duplicate","OK") -> OK | X9: =IFERROR(L9,L10) -> 5
A10: CC-10009 | B10: =IFERROR(IF('RAW DATA'!B10="","Missing",TEXT('RAW DATA'!B10,"YYYY-MM-DAY")),"INVALID DATE") -> 2024-03-14A24 | C10: AG005 | D10: =PROPER('RAW DATA'!D10) -> Eve Ingabire | E10: Inbound | F10: Team Alpha | G10: Chat | H10: General Inquiry | I10: =IFERROR(IF('RAW DATA'!I10="",AVERAGE('RAW DATA'!I$2:I$301),'RAW DATA'!I10),0) -> 11.2 | J10: 6.5 | K10: Yes | L10: =IFERROR(IF('RAW DATA'!L10="",3,'RAW DATA'!L10),3) -> 4 | M10: Neutral | N10: No | O10: 1 | P10: Abandoned | Q10: Case handled by AG005 | R10: =IFERROR(TEXT('RAW DATA'!B10,"MMMM"),"UKNNOWN") -> March | S10: =IFERROR(MONTH('RAW DATA'!B10),0) -> 3 | T10: =IF(S10<=3,"Q1",IF(S10<=6,"Q2",IF(S10<=9,"Q3","Q4"))) -> Q1 | U10: =IF('RAW DATA'!I10>20,"High",IF('RAW DATA'!I10>10,"Medium","Low")) -> Medium | V10: =IF('RAW DATA'!B10="","Yes","No") -> No | W10: =IF(COUNTIF(A$2:A309,A10)>1,"Duplicate","OK") -> OK | X10: =IFERROR(L10,L11) -> 4
A11: CC-10010 | B11: =IFERROR(IF('RAW DATA'!B11="","Missing",TEXT('RAW DATA'!B11,"YYYY-MM-DAY")),"INVALID DATE") -> 2024-03-11A24 | C11: AG009 | D11: =PROPER('RAW DATA'!D11) -> Irene Mutesi | E11: Inbound | F11: Team Alpha | G11: Chat | H11: Technical | I11: =IFERROR(IF('RAW DATA'!I11="",AVERAGE('RAW DATA'!I$2:I$301),'RAW DATA'!I11),0) -> 3 | J11: 4.1 | K11: Yes | L11: =IFERROR(IF('RAW DATA'!L11="",3,'RAW DATA'!L11),3) -> 5 | M11: Very Positive | N11: No | O11: 0 | P11: Escalated | Q11: Case handled by AG009 | R11: =IFERROR(TEXT('RAW DATA'!B11,"MMMM"),"UKNNOWN") -> March | S11: =IFERROR(MONTH('RAW DATA'!B11),0) -> 3 | T11: =IF(S11<=3,"Q1",IF(S11<=6,"Q2",IF(S11<=9,"Q3","Q4"))) -> Q1 | U11: =IF('RAW DATA'!I11>20,"High",IF('RAW DATA'!I11>10,"Medium","Low")) -> Low | V11: =IF('RAW DATA'!B11="","Yes","No") -> No | W11: =IF(COUNTIF(A$2:A310,A11)>1,"Duplicate","OK") -> OK | X11: =IFERROR(L11,L12) -> 5
A12: CC-10011 | B12: =IFERROR(IF('RAW DATA'!B12="","Missing",TEXT('RAW DATA'!B12,"YYYY-MM-DAY")),"INVALID DATE") -> 2024-07-14A24 | C12: AG010 | D12: =PROPER('RAW DATA'!D12) -> John Gasana | E12: Email | F12: Team Gamma | G12: Email | H12: Returns | I12: =IFERROR(IF('RAW DATA'!I12="",AVERAGE('RAW DATA'!I$2:I$301),'RAW DATA'!I12),0) -> 11.7 | J12: 3.9 | K12: Yes | L12: =IFERROR(IF('RAW DATA'!L12="",3,'RAW DATA'!L12),3) -> 5 | M12: Negative | N12: No | O12: 0 | P12: Resolved | Q12: Case handled by AG010 | R12: =IFERROR(TEXT('RAW DATA'!B12,"MMMM"),"UKNNOWN") -> July | S12: =IFERROR(MONTH('RAW DATA'!B12),0) -> 7 | T12: =IF(S12<=3,"Q1",IF(S12<=6,"Q2",IF(S12<=9,"Q3","Q4"))) -> Q3 | U12: =IF('RAW DATA'!I12>20,"High",IF('RAW DATA'!I12>10,"Medium","Low")) -> Medium | V12: =IF('RAW DATA'!B12="","Yes","No") -> No | W12: =IF(COUNTIF(A$2:A311,A12)>1,"Duplicate","OK") -> OK | X12: =IFERROR(L12,L13) -> 5
A13: CC-10012 | B13: =IFERROR(IF('RAW DATA'!B13="","Missing",TEXT('RAW DATA'!B13,"YYYY-MM-DAY")),"INVALID DATE") -> 2024-02-27A24 | C13: AG005 | D13: =PROPER('RAW DATA'!D13) -> Eve Ingabire | E13: Inbound | F13: Team Alpha | G13: Phone | H13: Technical | I13: =IFERROR(IF('RAW DATA'!I13="",AVERAGE('RAW DATA'!I$2:I$301),'RAW DATA'!I13),0) -> 5 | J13: 4.9 | K13: Yes | L13: =IFERROR(IF('RAW DATA'!L13="",3,'RAW DATA'!L13),3) -> 5 | M13: Negative | N13: No | O13: 1 | P13: Abandoned | Q13: Case handled by AG005 | R13: =IFERROR(TEXT('RAW DATA'!B13,"MMMM"),"UKNNOWN") -> February | S13: =IFERROR(MONTH('RAW DATA'!B13),0) -> 2 | T13: =IF(S13<=3,"Q1",IF(S13<=6,"Q2",IF(S13<=9,"Q3","Q4"))) -> Q1 | U13: =IF('RAW DATA'!I13>20,"High",IF('RAW DATA'!I13>10,"Medium","Low")) -> Low | V13: =IF('RAW DATA'!B13="","Yes","No") -> No | W13: =IF(COUNTIF(A$2:A312,A13)>1,"Duplicate","OK") -> OK | X13: =IFERROR(L13,L14) -> 5
A14: CC-10013 | B14: =IFERROR(IF('RAW DATA'!B14="","Missing",TEXT('RAW DATA'!B14,"YYYY-MM-DAY")),"INVALID DATE") -> 2024-11-23A24 | C14: AG009 | D14: =PROPER('RAW DATA'!D14) -> Irene Mutesi | E14: Inbound | F14: Team Alpha | G14: Phone | H14: Password Reset | I14: =IFERROR(IF('RAW DATA'!I14="",AVERAGE('RAW DATA'!I$2:I$301),'RAW DATA'!I14),0) -> 6.7 | J14: 3.3 | K14: Yes | L14: =IFERROR(IF('RAW DATA'!L14="",3,'RAW DATA'!L14),3) -> 5 | M14: Positive | N14: No | O14: 0 | P14: Abandoned | Q14: Case handled by AG009 | R14: =IFERROR(TEXT('RAW DATA'!B14,"MMMM"),"UKNNOWN") -> November | S14: =IFERROR(MONTH('RAW DATA'!B14),0) -> 11 | T14: =IF(S14<=3,"Q1",IF(S14<=6,"Q2",IF(S14<=9,"Q3","Q4"))) -> Q4 | U14: =IF('RAW DATA'!I14>20,"High",IF('RAW DATA'!I14>10,"Medium","Low")) -> Low | V14: =IF('RAW DATA'!B14="","Yes","No") -> No | W14: =IF(COUNTIF(A$2:A313,A14)>1,"Duplicate","OK") -> OK | X14: =IFERROR(L14,L15) -> 5
A15: CC-10014 | B15: =IFERROR(IF('RAW DATA'!B15="","Missing",TEXT('RAW DATA'!B15,"YYYY-MM-DAY")),"INVALID DATE") -> 2024-02-27A24 | C15: AG006 | D15: =PROPER('RAW DATA'!D15) -> Frank Nzeyimana | E15: Email | F15: Team Gamma | G15: Phone | H15: Technical | I15: =IFERROR(IF('RAW DATA'!I15="",AVERAGE('RAW DATA'!I$2:I$301),'RAW DATA'!I15),0) -> 12.1 | J15: 1.4 | K15: Yes | L15: =IFERROR(IF('RAW DATA'!L15="",3,'RAW DATA'!L15),3) -> 4 | M15: Very Positive | N15: No | O15: 0 | P15: Abandoned | Q15: Case handled by AG006 | R15: =IFERROR(TEXT('RAW DATA'!B15,"MMMM"),"UKNNOWN") -> February | S15: =IFERROR(MONTH('RAW DATA'!B15),0) -> 2 | T15: =IF(S15<=3,"Q1",IF(S15<=6,"Q2",IF(S15<=9,"Q3","Q4"))) -> Q1 | U15: =IF('RAW DATA'!I15>20,"High",IF('RAW DATA'!I15>10,"Medium","Low")) -> Medium | V15: =IF('RAW DATA'!B15="","Yes","No") -> No | W15: =IF(COUNTIF(A$2:A314,A15)>1,"Duplicate","OK") -> OK | X15: =IFERROR(L15,L16) -> 4
... A51: CC-10050 | B51: =IFERROR(IF('RAW DATA'!B51="","Missing",TEXT('RAW DATA'!B51,"YYYY-MM-DAY")),"INVALID DATE") -> 2024-07-27A24 | C51: AG006 | D51: =PROPER('RAW DATA'!D51) -> Frank Nzeyimana | E51: Email | F51: Team Gamma | G51: Chat | H51: Password Reset | I51: =IFERROR(IF('RAW DATA'!I51="",AVERAGE('RAW DATA'!I$2:I$301),'RAW DATA'!I51),0) -> 5 | J51: 3.5 | K51: No | L51: =IFERROR(IF('RAW DATA'!L51="",3,'RAW DATA'!L51),3) -> 3 | M51: Positive | N51: Yes | O51: 0 | P51: Abandoned | Q51: Case handled by AG006 | R51: =IFERROR(TEXT('RAW DATA'!B51,"MMMM"),"UKNNOWN") -> July | S51: =IFERROR(MONTH('RAW DATA'!B51),0) -> 7 | T51: =IF(S51<=3,"Q1",IF(S51<=6,"Q2",IF(S51<=9,"Q3","Q4"))) -> Q3 | U51: =IF('RAW DATA'!I51>20,"High",IF('RAW DATA'!I51>10,"Medium","Low")) -> Low | V51: =IF('RAW DATA'!B51="","Yes","No") -> No | W51: =IF(COUNTIF(A$2:A350,A51)>1,"Duplicate","OK") -> OK | X51: =IFERROR(L51,L52) -> 3
A52: CC-10051 | C52: AG005 | D52: =PROPER('RAW DATA'!D52) -> Eve Ingabire | E52: Inbound | F52: Team Alpha | G52: Email | H52: Shipping | I52: =IFERROR(IF('RAW DATA'!I52="",AVERAGE('RAW DATA'!I$2:I$301),'RAW DATA'!I52),0) -> 8.1 | J52: 0.1 | K52: Yes | L52: =IFERROR(IF('RAW DATA'!L52="",3,'RAW DATA'!L52),3) -> 5 | M52: Very Positive | N52: No | O52: 1 | P52: Abandoned | Q52: Case handled by AG005 | R52: =IFERROR(TEXT('RAW DATA'!B52,"MMMM"),"UKNNOWN") -> January | S52: =IFERROR(MONTH('RAW DATA'!B52),0) -> 1 | T52: =IF(S52<=3,"Q1",IF(S52<=6,"Q2",IF(S52<=9,"Q3","Q4"))) -> Q1 | U52: =IF('RAW DATA'!I52>20,"High",IF('RAW DATA'!I52>10,"Medium","Low")) -> Low | V52: =IF('RAW DATA'!B52="","Yes","No") -> Yes | W52: =IF(COUNTIF(A$2:A351,A52)>1,"Duplicate","OK") -> OK | X52: =IFERROR(L52,L53) -> 5
A53: CC-10052 | B53: 2024-04-22 | C53: AG005 | D53: =PROPER('RAW DATA'!D53) -> Eve Ingabire | E53: Inbound | F53: Team Alpha | G53: Chat | H53: Account | I53: =IFERROR(IF('RAW DATA'!I53="",AVERAGE('RAW DATA'!I$2:I$301),'RAW DATA'!I53),0) -> 7.3 | J53: 4.2 | K53: Yes | L53: =IFERROR(IF('RAW DATA'!L53="",3,'RAW DATA'!L53),3) -> 4 | M53: Very Negative | N53: No | O53: 1 | P53: Escalated | Q53: Case handled by AG005 | R53: =IFERROR(TEXT('RAW DATA'!B53,"MMMM"),"UKNNOWN") -> April | S53: =IFERROR(MONTH('RAW DATA'!B53),0) -> 4 | T53: =IF(S53<=3,"Q1",IF(S53<=6,"Q2",IF(S53<=9,"Q3","Q4"))) -> Q2 | U53: =IF('RAW DATA'!I53>20,"High",IF('RAW DATA'!I53>10,"Medium","Low")) -> Low | V53: =IF('RAW DATA'!B53="","Yes","No") -> No | W53: =IF(COUNTIF(A$2:A352,A53)>1,"Duplicate","OK") -> OK | X53: =IFERROR(L53,L54) -> 4
A54: CC-10053 | B54: 2024-09-30 | C54: AG001 | D54: =PROPER('RAW DATA'!D54) -> Alice Uwimana | E54: Inbound | F54: Team Alpha | G54: Phone | H54: Password Reset | I54: =IFERROR(IF('RAW DATA'!I54="",AVERAGE('RAW DATA'!I$2:I$301),'RAW DATA'!I54),0) -> 11.3 | J54: 2.5 | K54: Yes | L54: =IFERROR(IF('RAW DATA'!L54="",3,'RAW DATA'!L54),3) -> 5 | M54: Neutral | N54: No | O54: 0 | P54: Transferred | Q54: Case handled by AG001 | R54: =IFERROR(TEXT('RAW DATA'!B54,"MMMM"),"UKNNOWN") -> September | S54: =IFERROR(MONTH('RAW DATA'!B54),0) -> 9 | T54: =IF(S54<=3,"Q1",IF(S54<=6,"Q2",IF(S54<=9,"Q3","Q4"))) -> Q3 | U54: =IF('RAW DATA'!I54>20,"High",IF('RAW DATA'!I54>10,"Medium","Low")) -> Medium | V54: =IF('RAW DATA'!B54="","Yes","No") -> No | W54: =IF(COUNTIF(A$2:A353,A54)>1,"Duplicate","OK") -> OK | X54: =IFERROR(L54,L55) -> 5
A55: CC-10054 | B55: 2024-01-26 | C55: AG005 | D55: =PROPER('RAW DATA'!D55) -> Eve Ingabire | E55: Inbound | F55: Team Alpha | G55: Chat | H55: Returns | I55: =IFERROR(IF('RAW DATA'!I55="",AVERAGE('RAW DATA'!I$2:I$301),'RAW DATA'!I55),0) -> 6.5 | J55: 4.9 | K55: Yes | L55: =IFERROR(IF('RAW DATA'!L55="",3,'RAW DATA'!L55),3) -> 4 | M55: Positive | N55: No | O55: 1 | P55: Callback | Q55: Case handled by AG005 | R55: =IFERROR(TEXT('RAW DATA'!B55,"MMMM"),"UKNNOWN") -> January | S55: =IFERROR(MONTH('RAW DATA'!B55),0) -> 1 | T55: =IF(S55<=3,"Q1",IF(S55<=6,"Q2",IF(S55<=9,"Q3","Q4"))) -> Q1 | U55: =IF('RAW DATA'!I55>20,"High",IF('RAW DATA'!I55>10,"Medium","Low")) -> Low | V55: =IF('RAW DATA'!B55="","Yes","No") -> No | W55: =IF(COUNTIF(A$2:A354,A55)>1,"Duplicate","OK") -> OK | X55: =IFERROR(L55,L56) -> 4
A56: CC-10055 | B56: 2024-08-28 | C56: AG001 | D56: =PROPER('RAW DATA'!D56) -> Alice Uwimana | E56: Inbound | F56: Team Alpha | G56: Phone | H56: Billing | I56: =IFERROR(IF('RAW DATA'!I56="",AVERAGE('RAW DATA'!I$2:I$301),'RAW DATA'!I56),0) -> 8 | J56: 3.3 | K56: Yes | L56: =IFERROR(IF('RAW DATA'!L56="",3,'RAW DATA'!L56),3) -> 5 | M56: Neutral | N56: No | O56: 0 | P56: Resolved | Q56: Case handled by AG001 | R56: =IFERROR(TEXT('RAW DATA'!B56,"MMMM"),"UKNNOWN") -> August | S56: =IFERROR(MONTH('RAW DATA'!B56),0) -> 8 | T56: =IF(S56<=3,"Q1",IF(S56<=6,"Q2",IF(S56<=9,"Q3","Q4"))) -> Q3 | U56: =IF('RAW DATA'!I56>20,"High",IF('RAW DATA'!I56>10,"Medium","Low")) -> Low | V56: =IF('RAW DATA'!B56="","Yes","No") -> No | W56: =IF(COUNTIF(A$2:A355,A56)>1,"Duplicate","OK") -> OK | X56: =IFERROR(L56,L57) -> 5
A57: CC-10056 | B57: 2024-04-12 | C57: AG001 | D57: =PROPER('RAW DATA'!D57) -> Alice Uwimana | E57: Inbound | F57: Team Alpha | G57: Phone | H57: Password Reset | I57: =IFERROR(IF('RAW DATA'!I57="",AVERAGE('RAW DATA'!I$2:I$301),'RAW DATA'!I57),0) -> 6.4 | J57: 3 | K57: Yes | L57: =IFERROR(IF('RAW DATA'!L57="",3,'RAW DATA'!L57),3) -> 4 | M57: Negative | N57: No | O57: 0 | P57: Abandoned | Q57: Case handled by AG001 | R57: =IFERROR(TEXT('RAW DATA'!B57,"MMMM"),"UKNNOWN") -> April | S57: =IFERROR(MONTH('RAW DATA'!B57),0) -> 4 | T57: =IF(S57<=3,"Q1",IF(S57<=6,"Q2",IF(S57<=9,"Q3","Q4"))) -> Q2 | U57: =IF('RAW DATA'!I57>20,"High",IF('RAW DATA'!I57>10,"Medium","Low")) -> Low | V57: =IF('RAW DATA'!B57="","Yes","No") -> No | W57: =IF(COUNTIF(A$2:A356,A57)>1,"Duplicate","OK") -> OK | X57: =IFERROR(L57,L58) -> 4
A58: CC-10057 | B58: 2024-07-07 | C58: AG003 | D58: =PROPER('RAW DATA'!D58) -> Claire Mukamana | E58: Outbound | F58: Team Beta | G58: Phone | H58: Billing | I58: =IFERROR(IF('RAW DATA'!I58="",AVERAGE('RAW DATA'!I$2:I$301),'RAW DATA'!I58),0) -> 1.9 | J58: 0.8 | K58: Yes | L58: =IFERROR(IF('RAW DATA'!L58="",3,'RAW DATA'!L58),3) -> 5 | M58: Negative | N58: No | O58: 0 | P58: Callback | Q58: Case handled by AG003 | R58: =IFERROR(TEXT('RAW DATA'!B58,"MMMM"),"UKNNOWN") -> July | S58: =IFERROR(MONTH('RAW DATA'!B58),0) -> 7 | T58: =IF(S58<=3,"Q1",IF(S58<=6,"Q2",IF(S58<=9,"Q3","Q4"))) -> Q3 | U58: =IF('RAW DATA'!I58>20,"High",IF('RAW DATA'!I58>10,"Medium","Low")) -> Low | V58: =IF('RAW DATA'!B58="","Yes","No") -> No | W58: =IF(COUNTIF(A$2:A357,A58)>1,"Duplicate","OK") -> OK | X58: =IFERROR(L58,L59) -> 5
A59: CC-10058 | B59: 2024-10-21 | C59: AG007 | D59: =PROPER('RAW DATA'!D59) -> Grace Uwase | E59: Email | F59: Team Gamma | G59: Phone | H59: Technical | I59: =IFERROR(IF('RAW DATA'!I59="",AVERAGE('RAW DATA'!I$2:I$301),'RAW DATA'!I59),0) -> 4.2 | J59: 5.9 | K59: No | L59: =IFERROR(IF('RAW DATA'!L59="",3,'RAW DATA'!L59),3) -> 2 | M59: Very Negative | N59: No | O59: 0 | P59: Resolved | Q59: Case handled by AG007 | R59: =IFERROR(TEXT('RAW DATA'!B59,"MMMM"),"UKNNOWN") -> October | S59: =IFERROR(MONTH('RAW DATA'!B59),0) -> 10 | T59: =IF(S59<=3,"Q1",IF(S59<=6,"Q2",IF(S59<=9,"Q3","Q4"))) -> Q4 | U59: =IF('RAW DATA'!I59>20,"High",IF('RAW DATA'!I59>10,"Medium","Low")) -> Low | V59: =IF('RAW DATA'!B59="","Yes","No") -> No | W59: =IF(COUNTIF(A$2:A358,A59)>1,"Duplicate","OK") -> OK | X59: =IFERROR(L59,L60) -> 2
A60: CC-10059 | B60: 2024-01-22 | C60: AG006 | D60: =PROPER('RAW DATA'!D60) -> Frank Nzeyimana | E60: Email | F60: Team Gamma | G60: Chat | H60: Technical | I60: =IFERROR(IF('RAW DATA'!I60="",AVERAGE('RAW DATA'!I$2:I$301),'RAW DATA'!I60),0) -> 3.7 | J60: 3.4 | K60: No | L60: =IFERROR(IF('RAW DATA'!L60="",3,'RAW DATA'!L60),3) -> 2 | M60: Very Positive | N60: No | O60: 0 | P60: Transferred | Q60: Case handled by AG006 | R60: =IFERROR(TEXT('RAW DATA'!B60,"MMMM"),"UKNNOWN") -> January | S60: =IFERROR(MONTH('RAW DATA'!B60),0) -> 1 | T60: =IF(S60<=3,"Q1",IF(S60<=6,"Q2",IF(S60<=9,"Q3","Q4"))) -> Q1 | U60: =IF('RAW DATA'!I60>20,"High",IF('RAW DATA'!I60>10,"Medium","Low")) -> Low | V60: =IF('RAW DATA'!B60="","Yes","No") -> No | W60: =IF(COUNTIF(A$2:A359,A60)>1,"Duplicate","OK") -> OK | X60: =IFERROR(L60,L61) -> 2
A61: CC-10060 | B61: 2024-07-04 | C61: AG008 | D61: =PROPER('RAW DATA'!D61) -> Henry Bizimana | E61: Outbound | F61: Team Beta | G61: Email | H61: Password Reset | I61: =IFERROR(IF('RAW DATA'!I61="",AVERAGE('RAW DATA'!I$2:I$301),'RAW DATA'!I61),0) -> 7.1 | J61: 1.9 | K61: Yes | L61: =IFERROR(IF('RAW DATA'!L61="",3,'RAW DATA'!L61),3) -> 5 | M61: Very Positive | N61: No | O61: 1 | P61: Abandoned | Q61: Case handled by AG008 | R61: =IFERROR(TEXT('RAW DATA'!B61,"MMMM"),"UKNNOWN") -> July | S61: =IFERROR(MONTH('RAW DATA'!B61),0) -> 7 | T61: =IF(S61<=3,"Q1",IF(S61<=6,"Q2",IF(S61<=9,"Q3","Q4"))) -> Q3 | U61: =IF('RAW DATA'!I61>20,"High",IF('RAW DATA'!I61>10,"Medium","Low")) -> Low | V61: =IF('RAW DATA'!B61="","Yes","No") -> No | W61: =IF(COUNTIF(A$2:A360,A61)>1,"Duplicate","OK") -> OK | X61: =IFERROR(L61,L62) -> 5
A62: CC-10061 | B62: 2024-08-11 | C62: AG010 | D62: =PROPER('RAW DATA'!D62) -> John Gasana | E62: Email | F62: Team Gamma | G62: Chat | H62: Shipping | I62: =IFERROR(IF('RAW DATA'!I62="",AVERAGE('RAW DATA'!I$2:I$301),'RAW DATA'!I62),0) -> 7.3 | J62: 7.9 | K62: Yes | L62: =IFERROR(IF('RAW DATA'!L62="",3,'RAW DATA'!L62),3) -> 5 | M62: Very Positive | N62: No | O62: 0 | P62: Callback | Q62: Case handled by AG010 | R62: =IFERROR(TEXT('RAW DATA'!B62,"MMMM"),"UKNNOWN") -> August | S62: =IFERROR(MONTH('RAW DATA'!B62),0) -> 8 | T62: =IF(S62<=3,"Q1",IF(S62<=6,"Q2",IF(S62<=9,"Q3","Q4"))) -> Q3 | U62: =IF('RAW DATA'!I62>20,"High",IF('RAW DATA'!I62>10,"Medium","Low")) -> Low | V62: =IF('RAW DATA'!B62="","Yes","No") -> No | W62: =IF(COUNTIF(A$2:A361,A62)>1,"Duplicate","OK") -> OK | X62: =IFERROR(L62,L63) -> 5
A63: CC-10062 | B63: 2024-10-18 | C63: AG010 | D63: =PROPER('RAW DATA'!D63) -> John Gasana | E63: Email | F63: Team Gamma | G63: Chat | H63: Shipping | I63: =IFERROR(IF('RAW DATA'!I63="",AVERAGE('RAW DATA'!I$2:I$301),'RAW DATA'!I63),0) -> 6.7 | J63: 2.4 | K63: Yes | L63: =IFERROR(IF('RAW DATA'!L63="",3,'RAW DATA'!L63),3) -> 4 | M63: Negative | N63: No | O63: 1 | P63: Escalated | Q63: Case handled by AG010 | R63: =IFERROR(TEXT('RAW DATA'!B63,"MMMM"),"UKNNOWN") -> October | S63: =IFERROR(MONTH('RAW DATA'!B63),0) -> 10 | T63: =IF(S63<=3,"Q1",IF(S63<=6,"Q2",IF(S63<=9,"Q3","Q4"))) -> Q4 | U63: =IF('RAW DATA'!I63>20,"High",IF('RAW DATA'!I63>10,"Medium","Low")) -> Low | V63: =IF('RAW DATA'!B63="","Yes","No") -> No | W63: =IF(COUNTIF(A$2:A362,A63)>1,"Duplicate","OK") -> OK | X63: =IFERROR(L63,L64) -> 4
A64: CC-10063 | B64: 2024-05-12 | C64: AG006 | D64: =PROPER('RAW DATA'!D64) -> Frank Nzeyimana | E64: Email | F64: Team Gamma | G64: Phone | H64: Technical | I64: =IFERROR(IF('RAW DATA'!I64="",AVERAGE('RAW DATA'!I$2:I$301),'RAW DATA'!I64),0) -> 7.3 | J64: 6.6 | K64: Yes | L64: =IFERROR(IF('RAW DATA'!L64="",3,'RAW DATA'!L64),3) -> 5 | M64: Neutral | N64: No | O64: 0 | P64: Abandoned | Q64: Case handled by AG006 | R64: =IFERROR(TEXT('RAW DATA'!B64,"MMMM"),"UKNNOWN") -> May | S64: =IFERROR(MONTH('RAW DATA'!B64),0) -> 5 | T64: =IF(S64<=3,"Q1",IF(S64<=6,"Q2",IF(S64<=9,"Q3","Q4"))) -> Q2 | U64: =IF('RAW DATA'!I64>20,"High",IF('RAW DATA'!I64>10,"Medium","Low")) -> Low | V64: =IF('RAW DATA'!B64="","Yes","No") -> No | W64: =IF(COUNTIF(A$2:A363,A64)>1,"Duplicate","OK") -> OK | X64: =IFERROR(L64,L65) -> 5
... A101: CC-10100 | B101: 2024-02-16 | C101: AG005 | D101: =PROPER('RAW DATA'!D101) -> Eve Ingabire | E101: Inbound | F101: Team Alpha | G101: Phone | H101: Password Reset | I101: =IFERROR(IF('RAW DATA'!I101="",AVERAGE('RAW DATA'!I$2:I$301),'RAW DATA'!I101),0) -> 6.6 | J101: 5.8 | K101: No | L101: =IFERROR(IF('RAW DATA'!L101="",3,'RAW DATA'!L101),3) -> 3 | M101: Negative | N101: No | O101: 1 | P101: Escalated | Q101: Case handled by AG005 | R101: =IFERROR(TEXT('RAW DATA'!B101,"MMMM"),"UKNNOWN") -> February | S101: =IFERROR(MONTH('RAW DATA'!B101),0) -> 2 | T101: =IF(S101<=3,"Q1",IF(S101<=6,"Q2",IF(S101<=9,"Q3","Q4"))) -> Q1 | U101: =IF('RAW DATA'!I101>20,"High",IF('RAW DATA'!I101>10,"Medium","Low")) -> Low | V101: =IF('RAW DATA'!B101="","Yes","No") -> No | W101: =IF(COUNTIF(A$2:A400,A101)>1,"Duplicate","OK") -> OK | X101: =IFERROR(L101,L102) -> 3
A102: CC-10101 | C102: AG002 | D102: =PROPER('RAW DATA'!D102) -> Bob Nshimiyimana | E102: Inbound | F102: Team Alpha | G102: Email | H102: General Inquiry | I102: =IFERROR(IF('RAW DATA'!I102="",AVERAGE('RAW DATA'!I$2:I$301),'RAW DATA'!I102),0) -> 6.8 | J102: 4.2 | K102: Yes | L102: =IFERROR(IF('RAW DATA'!L102="",3,'RAW DATA'!L102),3) -> 5 | M102: Positive | N102: No | O102: 0 | P102: Transferred | Q102: Case handled by AG002 | R102: =IFERROR(TEXT('RAW DATA'!B102,"MMMM"),"UKNNOWN") -> January | S102: =IFERROR(MONTH('RAW DATA'!B102),0) -> 1 | T102: =IF(S102<=3,"Q1",IF(S102<=6,"Q2",IF(S102<=9,"Q3","Q4"))) -> Q1 | U102: =IF('RAW DATA'!I102>20,"High",IF('RAW DATA'!I102>10,"Medium","Low")) -> Low | V102: =IF('RAW DATA'!B102="","Yes","No") -> Yes | W102: =IF(COUNTIF(A$2:A401,A102)>1,"Duplicate","OK") -> OK | X102: =IFERROR(L102,L103) -> 5
A103: CC-10102 | B103: 2024-07-21 | C103: AG001 | D103: =PROPER('RAW DATA'!D103) -> Alice Uwimana | E103: Inbound | F103: Team Alpha | G103: Chat | H103: General Inquiry | I103: =IFERROR(IF('RAW DATA'!I103="",AVERAGE('RAW DATA'!I$2:I$301),'RAW DATA'!I103),0) -> 7.9 | J103: 5 | K103: Yes | L103: =IFERROR(IF('RAW DATA'!L103="",3,'RAW DATA'!L103),3) -> 4 | M103: Positive | N103: No | O103: 1 | P103: Abandoned | Q103: Case handled by AG001 | R103: =IFERROR(TEXT('RAW DATA'!B103,"MMMM"),"UKNNOWN") -> July | S103: =IFERROR(MONTH('RAW DATA'!B103),0) -> 7 | T103: =IF(S103<=3,"Q1",IF(S103<=6,"Q2",IF(S103<=9,"Q3","Q4"))) -> Q3 | U103: =IF('RAW DATA'!I103>20,"High",IF('RAW DATA'!I103>10,"Medium","Low")) -> Low | V103: =IF('RAW DATA'!B103="","Yes","No") -> No | W103: =IF(COUNTIF(A$2:A402,A103)>1,"Duplicate","OK") -> OK | X103: =IFERROR(L103,L104) -> 4
A104: CC-10103 | B104: 2024-12-11 | C104: AG004 | D104: =PROPER('RAW DATA'!D104) -> David Habimana | E104: Outbound | F104: Team Beta | G104: Phone | H104: Technical | I104: =IFERROR(IF('RAW DATA'!I104="",AVERAGE('RAW DATA'!I$2:I$301),'RAW DATA'!I104),0) -> 3.9 | J104: 4.5 | K104: Yes | L104: =IFERROR(IF('RAW DATA'!L104="",3,'RAW DATA'!L104),3) -> 5 | M104: Very Positive | N104: No | O104: 1 | P104: Abandoned | Q104: Case handled by AG004 | R104: =IFERROR(TEXT('RAW DATA'!B104,"MMMM"),"UKNNOWN") -> December | S104: =IFERROR(MONTH('RAW DATA'!B104),0) -> 12 | T104: =IF(S104<=3,"Q1",IF(S104<=6,"Q2",IF(S104<=9,"Q3","Q4"))) -> Q4 | U104: =IF('RAW DATA'!I104>20,"High",IF('RAW DATA'!I104>10,"Medium","Low")) -> Low | V104: =IF('RAW DATA'!B104="","Yes","No") -> No | W104: =IF(COUNTIF(A$2:A403,A104)>1,"Duplicate","OK") -> OK | X104: =IFERROR(L104,L105) -> 5
A105: CC-10104 | B105: 2024-12-24 | C105: AG005 | D105: =PROPER('RAW DATA'!D105) -> Eve Ingabire | E105: Inbound | F105: Team Alpha | G105: Phone | H105: Shipping | I105: =IFERROR(IF('RAW DATA'!I105="",AVERAGE('RAW DATA'!I$2:I$301),'RAW DATA'!I105),0) -> 7.1 | J105: 3.2 | K105: No | L105: =IFERROR(IF('RAW DATA'!L105="",3,'RAW DATA'!L105),3) -> 1 | M105: Very Negative | N105: Yes | O105: 3 | P105: Resolved | Q105: Case handled by AG005 | R105: =IFERROR(TEXT('RAW DATA'!B105,"MMMM"),"UKNNOWN") -> December | S105: =IFERROR(MONTH('RAW DATA'!B105),0) -> 12 | T105: =IF(S105<=3,"Q1",IF(S105<=6,"Q2",IF(S105<=9,"Q3","Q4"))) -> Q4 | U105: =IF('RAW DATA'!I105>20,"High",IF('RAW DATA'!I105>10,"Medium","Low")) -> Low | V105: =IF('RAW DATA'!B105="","Yes","No") -> No | W105: =IF(COUNTIF(A$2:A404,A105)>1,"Duplicate","OK") -> OK | X105: =IFERROR(L105,L106) -> 1
A106: CC-10105 | B106: 2024-03-10 | C106: AG007 | D106: =PROPER('RAW DATA'!D106) -> Grace Uwase | E106: Email | F106: Team Gamma | G106: Phone | H106: Payment | I106: =IFERROR(IF('RAW DATA'!I106="",AVERAGE('RAW DATA'!I$2:I$301),'RAW DATA'!I106),0) -> 3.7 | J106: 4.9 | K106: Yes | L106: =IFERROR(IF('RAW DATA'!L106="",3,'RAW DATA'!L106),3) -> 5 | M106: Positive | N106: No | O106: 1 | P106: Abandoned | Q106: Case handled by AG007 | R106: =IFERROR(TEXT('RAW DATA'!B106,"MMMM"),"UKNNOWN") -> March | S106: =IFERROR(MONTH('RAW DATA'!B106),0) -> 3 | T106: =IF(S106<=3,"Q1",IF(S106<=6,"Q2",IF(S106<=9,"Q3","Q4"))) -> Q1 | U106: =IF('RAW DATA'!I106>20,"High",IF('RAW DATA'!I106>10,"Medium","Low")) -> Low | V106: =IF('RAW DATA'!B106="","Yes","No") -> No | W106: =IF(COUNTIF(A$2:A405,A106)>1,"Duplicate","OK") -> OK | X106: =IFERROR(L106,L107) -> 5
A107: CC-10106 | B107: 2024-09-07 | C107: AG010 | D107: =PROPER('RAW DATA'!D107) -> John Gasana | E107: Email | F107: Team Gamma | G107: Phone | H107: General Inquiry | I107: =IFERROR(IF('RAW DATA'!I107="",AVERAGE('RAW DATA'!I$2:I$301),'RAW DATA'!I107),0) -> 7.6041237 | J107: 6.7 | K107: No | L107: =IFERROR(IF('RAW DATA'!L107="",3,'RAW DATA'!L107),3) -> 1 | M107: Positive | N107: Yes | O107: 3 | P107: Transferred | Q107: Case handled by AG010 | R107: =IFERROR(TEXT('RAW DATA'!B107,"MMMM"),"UKNNOWN") -> September | S107: =IFERROR(MONTH('RAW DATA'!B107),0) -> 9 | T107: =IF(S107<=3,"Q1",IF(S107<=6,"Q2",IF(S107<=9,"Q3","Q4"))) -> Q3 | U107: =IF('RAW DATA'!I107>20,"High",IF('RAW DATA'!I107>10,"Medium","Low")) -> Low | V107: =IF('RAW DATA'!B107="","Yes","No") -> No | W107: =IF(COUNTIF(A$2:A406,A107)>1,"Duplicate","OK") -> OK | X107: =IFERROR(L107,L108) -> 1
A108: CC-10107 | B108: 2024-12-17 | C108: AG006 | D108: =PROPER('RAW DATA'!D108) -> Frank Nzeyimana | E108: Email | F108: Team Gamma | G108: Phone | H108: Technical | I108: =IFERROR(IF('RAW DATA'!I108="",AVERAGE('RAW DATA'!I$2:I$301),'RAW DATA'!I108),0) -> 1 | J108: 2.5 | K108: Yes | L108: =IFERROR(IF('RAW DATA'!L108="",3,'RAW DATA'!L108),3) -> 4 | M108: Very Positive | N108: No | O108: 1 | P108: Callback | Q108: Case handled by AG006 | R108: =IFERROR(TEXT('RAW DATA'!B108,"MMMM"),"UKNNOWN") -> December | S108: =IFERROR(MONTH('RAW DATA'!B108),0) -> 12 | T108: =IF(S108<=3,"Q1",IF(S108<=6,"Q2",IF(S108<=9,"Q3","Q4"))) -> Q4 | U108: =IF('RAW DATA'!I108>20,"High",IF('RAW DATA'!I108>10,"Medium","Low")) -> Low | V108: =IF('RAW DATA'!B108="","Yes","No") -> No | W108: =IF(COUNTIF(A$2:A407,A108)>1,"Duplicate","OK") -> OK | X108: =IFERROR(L108,L109) -> 4
A109: CC-10108 | B109: 2024-02-16 | C109: AG004 | D109: =PROPER('RAW DATA'!D109) -> David Habimana | E109: Outbound | F109: Team Beta | G109: Email | H109: Shipping | I109: =IFERROR(IF('RAW DATA'!I109="",AVERAGE('RAW DATA'!I$2:I$301),'RAW DATA'!I109),0) -> 5.5 | J109: 1.9 | K109: No | L109: =IFERROR(IF('RAW DATA'!L109="",3,'RAW DATA'!L109),3) -> 1 | M109: Positive | N109: No | O109: 0 | P109: Escalated | Q109: Case handled by AG004 | R109: =IFERROR(TEXT('RAW DATA'!B109,"MMMM"),"UKNNOWN") -> February | S109: =IFERROR(MONTH('RAW DATA'!B109),0) -> 2 | T109: =IF(S109<=3,"Q1",IF(S109<=6,"Q2",IF(S109<=9,"Q3","Q4"))) -> Q1 | U109: =IF('RAW DATA'!I109>20,"High",IF('RAW DATA'!I109>10,"Medium","Low")) -> Low | V109: =IF('RAW DATA'!B109="","Yes","No") -> No | W109: =IF(COUNTIF(A$2:A408,A109)>1,"Duplicate","OK") -> OK | X109: =IFERROR(L109,L110) -> 1
A110: CC-10109 | B110: 2024-10-10 | C110: AG004 | D110: =PROPER('RAW DATA'!D110) -> David Habimana | E110: Outbound | F110: Team Beta | G110: Phone | H110: Account | I110: =IFERROR(IF('RAW DATA'!I110="",AVERAGE('RAW DATA'!I$2:I$301),'RAW DATA'!I110),0) -> 3.3 | J110: 2.1 | K110: Yes | L110: =IFERROR(IF('RAW DATA'!L110="",3,'RAW DATA'!L110),3) -> 3 | M110: Very Negative | N110: No | O110: 0 | P110: Callback | Q110: Case handled by AG004 | R110: =IFERROR(TEXT('RAW DATA'!B110,"MMMM"),"UKNNOWN") -> October | S110: =IFERROR(MONTH('RAW DATA'!B110),0) -> 10 | T110: =IF(S110<=3,"Q1",IF(S110<=6,"Q2",IF(S110<=9,"Q3","Q4"))) -> Q4 | U110: =IF('RAW DATA'!I110>20,"High",IF('RAW DATA'!I110>10,"Medium","Low")) -> Low | V110: =IF('RAW DATA'!B110="","Yes","No") -> No | W110: =IF(COUNTIF(A$2:A409,A110)>1,"Duplicate","OK") -> OK | X110: =IFERROR(L110,L111) -> 3
A111: CC-10110 | B111: 2024-05-08 | C111: AG003 | D111: =PROPER('RAW DATA'!D111) -> Claire Mukamana | E111: Outbound | F111: Team Beta | G111: Phone | H111: Billing | I111: =IFERROR(IF('RAW DATA'!I111="",AVERAGE('RAW DATA'!I$2:I$301),'RAW DATA'!I111),0) -> 12.6 | J111: 6.6 | K111: No | L111: =IFERROR(IF('RAW DATA'!L111="",3,'RAW DATA'!L111),3) -> 3 | M111: Neutral | N111: No | O111: 0 | P111: Abandoned | Q111: Case handled by AG003 | R111: =IFERROR(TEXT('RAW DATA'!B111,"MMMM"),"UKNNOWN") -> May | S111: =IFERROR(MONTH('RAW DATA'!B111),0) -> 5 | T111: =IF(S111<=3,"Q1",IF(S111<=6,"Q2",IF(S111<=9,"Q3","Q4"))) -> Q2 | U111: =IF('RAW DATA'!I111>20,"High",IF('RAW DATA'!I111>10,"Medium","Low")) -> Medium | V111: =IF('RAW DATA'!B111="","Yes","No") -> No | W111: =IF(COUNTIF(A$2:A410,A111)>1,"Duplicate","OK") -> OK | X111: =IFERROR(L111,L112) -> 3
A112: CC-10111 | B112: 2024-05-15 | C112: AG001 | D112: =PROPER('RAW DATA'!D112) -> Alice Uwimana | E112: Inbound | F112: Team Alpha | G112: Email | H112: Technical | I112: =IFERROR(IF('RAW DATA'!I112="",AVERAGE('RAW DATA'!I$2:I$301),'RAW DATA'!I112),0) -> 10.2 | J112: 5.5 | K112: No | L112: =IFERROR(IF('RAW DATA'!L112="",3,'RAW DATA'!L112),3) -> 2 | M112: Very Positive | N112: Yes | O112: 3 | P112: Callback | Q112: Case handled by AG001 | R112: =IFERROR(TEXT('RAW DATA'!B112,"MMMM"),"UKNNOWN") -> May | S112: =IFERROR(MONTH('RAW DATA'!B112),0) -> 5 | T112: =IF(S112<=3,"Q1",IF(S112<=6,"Q2",IF(S112<=9,"Q3","Q4"))) -> Q2 | U112: =IF('RAW DATA'!I112>20,"High",IF('RAW DATA'!I112>10,"Medium","Low")) -> Medium | V112: =IF('RAW DATA'!B112="","Yes","No") -> No | W112: =IF(COUNTIF(A$2:A411,A112)>1,"Duplicate","OK") -> OK | X112: =IFERROR(L112,L113) -> 2
A113: CC-10112 | B113: 2024-09-14 | C113: AG004 | D113: =PROPER('RAW DATA'!D113) -> David Habimana | E113: Outbound | F113: Team Beta | G113: Phone | H113: Billing | I113: =IFERROR(IF('RAW DATA'!I113="",AVERAGE('RAW DATA'!I$2:I$301),'RAW DATA'!I113),0) -> 8.8 | J113: 3.8 | K113: Yes | L113: =IFERROR(IF('RAW DATA'!L113="",3,'RAW DATA'!L113),3) -> 5 | M113: Very Positive | N113: No | O113: 1 | P113: Transferred | Q113: Case handled by AG004 | R113: =IFERROR(TEXT('RAW DATA'!B113,"MMMM"),"UKNNOWN") -> September | S113: =IFERROR(MONTH('RAW DATA'!B113),0) -> 9 | T113: =IF(S113<=3,"Q1",IF(S113<=6,"Q2",IF(S113<=9,"Q3","Q4"))) -> Q3 | U113: =IF('RAW DATA'!I113>20,"High",IF('RAW DATA'!I113>10,"Medium","Low")) -> Low | V113: =IF('RAW DATA'!B113="","Yes","No") -> No | W113: =IF(COUNTIF(A$2:A412,A113)>1,"Duplicate","OK") -> OK | X113: =IFERROR(L113,L114) -> 5
A114: CC-10113 | B114: 2024-07-24 | C114: AG007 | D114: =PROPER('RAW DATA'!D114) -> Grace Uwase | E114: Email | F114: Team Gamma | G114: Phone | H114: Account | I114: =IFERROR(IF('RAW DATA'!I114="",AVERAGE('RAW DATA'!I$2:I$301),'RAW DATA'!I114),0) -> 6.6 | J114: 1.9 | K114: Yes | L114: =IFERROR(IF('RAW DATA'!L114="",3,'RAW DATA'!L114),3) -> 5 | M114: Positive | N114: No | O114: 0 | P114: Resolved | Q114: Case handled by AG007 | R114: =IFERROR(TEXT('RAW DATA'!B114,"MMMM"),"UKNNOWN") -> July | S114: =IFERROR(MONTH('RAW DATA'!B114),0) -> 7 | T114: =IF(S114<=3,"Q1",IF(S114<=6,"Q2",IF(S114<=9,"Q3","Q4"))) -> Q3 | U114: =IF('RAW DATA'!I114>20,"High",IF('RAW DATA'!I114>10,"Medium","Low")) -> Low | V114: =IF('RAW DATA'!B114="","Yes","No") -> No | W114: =IF(COUNTIF(A$2:A413,A114)>1,"Duplicate","OK") -> OK | X114: =IFERROR(L114,L115) -> 5
... A151: CC-10150 | B151: 2024-05-02 | C151: AG007 | D151: =PROPER('RAW DATA'!D151) -> Grace Uwase | E151: Email | F151: Team Gamma | G151: Email | H151: Billing | I151: =IFERROR(IF('RAW DATA'!I151="",AVERAGE('RAW DATA'!I$2:I$301),'RAW DATA'!I151),0) -> 5.3 | J151: 1.9 | K151: No | L151: =IFERROR(IF('RAW DATA'!L151="",3,'RAW DATA'!L151),3) -> 2 | M151: Very Negative | N151: No | O151: 1 | P151: Abandoned | Q151: Case handled by AG007 | R151: =IFERROR(TEXT('RAW DATA'!B151,"MMMM"),"UKNNOWN") -> May | S151: =IFERROR(MONTH('RAW DATA'!B151),0) -> 5 | T151: =IF(S151<=3,"Q1",IF(S151<=6,"Q2",IF(S151<=9,"Q3","Q4"))) -> Q2 | U151: =IF('RAW DATA'!I151>20,"High",IF('RAW DATA'!I151>10,"Medium","Low")) -> Low | V151: =IF('RAW DATA'!B151="","Yes","No") -> No | W151: =IF(COUNTIF(A$2:A450,A151)>1,"Duplicate","OK") -> OK | X151: =IFERROR(L151,L152) -> 2
A152: CC-10151 | C152: AG004 | D152: =PROPER('RAW DATA'!D152) -> David Habimana | E152: Outbound | F152: Team Beta | G152: Phone | H152: General Inquiry | I152: =IFERROR(IF('RAW DATA'!I152="",AVERAGE('RAW DATA'!I$2:I$301),'RAW DATA'!I152),0) -> 7.5 | J152: 2.4 | K152: No | L152: =IFERROR(IF('RAW DATA'!L152="",3,'RAW DATA'!L152),3) -> 1 | M152: Positive | N152: Yes | O152: 3 | P152: Escalated | Q152: Case handled by AG004 | R152: =IFERROR(TEXT('RAW DATA'!B152,"MMMM"),"UKNNOWN") -> January | S152: =IFERROR(MONTH('RAW DATA'!B152),0) -> 1 | T152: =IF(S152<=3,"Q1",IF(S152<=6,"Q2",IF(S152<=9,"Q3","Q4"))) -> Q1 | U152: =IF('RAW DATA'!I152>20,"High",IF('RAW DATA'!I152>10,"Medium","Low")) -> Low | V152: =IF('RAW DATA'!B152="","Yes","No") -> Yes | W152: =IF(COUNTIF(A$2:A451,A152)>1,"Duplicate","OK") -> OK | X152: =IFERROR(L152,L153) -> 1
A153: CC-10152 | B153: 2024-09-26 | C153: AG009 | D153: =PROPER('RAW DATA'!D153) -> Irene Mutesi | E153: Inbound | F153: Team Alpha | G153: Phone | H153: Payment | I153: =IFERROR(IF('RAW DATA'!I153="",AVERAGE('RAW DATA'!I$2:I$301),'RAW DATA'!I153),0) -> 1 | J153: 3.7 | K153: Yes | L153: =IFERROR(IF('RAW DATA'!L153="",3,'RAW DATA'!L153),3) -> 4 | M153: Negative | N153: No | O153: 1 | P153: Transferred | Q153: Case handled by AG009 | R153: =IFERROR(TEXT('RAW DATA'!B153,"MMMM"),"UKNNOWN") -> September | S153: =IFERROR(MONTH('RAW DATA'!B153),0) -> 9 | T153: =IF(S153<=3,"Q1",IF(S153<=6,"Q2",IF(S153<=9,"Q3","Q4"))) -> Q3 | U153: =IF('RAW DATA'!I153>20,"High",IF('RAW DATA'!I153>10,"Medium","Low")) -> Low | V153: =IF('RAW DATA'!B153="","Yes","No") -> No | W153: =IF(COUNTIF(A$2:A452,A153)>1,"Duplicate","OK") -> OK | X153: =IFERROR(L153,L154) -> 4
A154: CC-10153 | B154: 2024-05-09 | C154: AG001 | D154: =PROPER('RAW DATA'!D154) -> Alice Uwimana | E154: Inbound | F154: Team Alpha | G154: Phone | H154: General Inquiry | I154: =IFERROR(IF('RAW DATA'!I154="",AVERAGE('RAW DATA'!I$2:I$301),'RAW DATA'!I154),0) -> 7.3 | J154: 4.6 | K154: Yes | L154: =IFERROR(IF('RAW DATA'!L154="",3,'RAW DATA'!L154),3) -> 3 | M154: Very Negative | N154: No | O154: 1 | P154: Escalated | Q154: Case handled by AG001 | R154: =IFERROR(TEXT('RAW DATA'!B154,"MMMM"),"UKNNOWN") -> May | S154: =IFERROR(MONTH('RAW DATA'!B154),0) -> 5 | T154: =IF(S154<=3,"Q1",IF(S154<=6,"Q2",IF(S154<=9,"Q3","Q4"))) -> Q2 | U154: =IF('RAW DATA'!I154>20,"High",IF('RAW DATA'!I154>10,"Medium","Low")) -> Low | V154: =IF('RAW DATA'!B154="","Yes","No") -> No | W154: =IF(COUNTIF(A$2:A453,A154)>1,"Duplicate","OK") -> OK | X154: =IFERROR(L154,L155) -> 3
A155: CC-10154 | B155: 2024-06-22 | C155: AG003 | D155: =PROPER('RAW DATA'!D155) -> Claire Mukamana | E155: Outbound | F155: Team Beta | G155: Phone | H155: Technical | I155: =IFERROR(IF('RAW DATA'!I155="",AVERAGE('RAW DATA'!I$2:I$301),'RAW DATA'!I155),0) -> 10.2 | J155: 1.3 | K155: Yes | L155: =IFERROR(IF('RAW DATA'!L155="",3,'RAW DATA'!L155),3) -> 5 | M155: Very Positive | N155: No | O155: 1 | P155: Escalated | Q155: Case handled by AG003 | R155: =IFERROR(TEXT('RAW DATA'!B155,"MMMM"),"UKNNOWN") -> June | S155: =IFERROR(MONTH('RAW DATA'!B155),0) -> 6 | T155: =IF(S155<=3,"Q1",IF(S155<=6,"Q2",IF(S155<=9,"Q3","Q4"))) -> Q2 | U155: =IF('RAW DATA'!I155>20,"High",IF('RAW DATA'!I155>10,"Medium","Low")) -> Medium | V155: =IF('RAW DATA'!B155="","Yes","No") -> No | W155: =IF(COUNTIF(A$2:A454,A155)>1,"Duplicate","OK") -> OK | X155: =IFERROR(L155,L156) -> 5
A156: CC-10155 | B156: 2024-01-19 | C156: AG005 | D156: =PROPER('RAW DATA'!D156) -> Eve Ingabire | E156: Inbound | F156: Team Alpha | G156: Email | H156: Payment | I156: =IFERROR(IF('RAW DATA'!I156="",AVERAGE('RAW DATA'!I$2:I$301),'RAW DATA'!I156),0) -> 9.6 | J156: 7.4 | K156: Yes | L156: =IFERROR(IF('RAW DATA'!L156="",3,'RAW DATA'!L156),3) -> 5 | M156: Very Negative | N156: No | O156: 1 | P156: Callback | Q156: Case handled by AG005 | R156: =IFERROR(TEXT('RAW DATA'!B156,"MMMM"),"UKNNOWN") -> January | S156: =IFERROR(MONTH('RAW DATA'!B156),0) -> 1 | T156: =IF(S156<=3,"Q1",IF(S156<=6,"Q2",IF(S156<=9,"Q3","Q4"))) -> Q1 | U156: =IF('RAW DATA'!I156>20,"High",IF('RAW DATA'!I156>10,"Medium","Low")) -> Low | V156: =IF('RAW DATA'!B156="","Yes","No") -> No | W156: =IF(COUNTIF(A$2:A455,A156)>1,"Duplicate","OK") -> OK | X156: =IFERROR(L156,L157) -> 5
A157: CC-10156 | B157: 2024-08-30 | C157: AG005 | D157: =PROPER('RAW DATA'!D157) -> Eve Ingabire | E157: Inbound | F157: Team Alpha | G157: Phone | H157: General Inquiry | I157: =IFERROR(IF('RAW DATA'!I157="",AVERAGE('RAW DATA'!I$2:I$301),'RAW DATA'!I157),0) -> 12.2 | J157: 4.7 | K157: Yes | L157: =IFERROR(IF('RAW DATA'!L157="",3,'RAW DATA'!L157),3) -> 4 | M157: Very Positive | N157: No | O157: 1 | P157: Callback | Q157: Case handled by AG005 | R157: =IFERROR(TEXT('RAW DATA'!B157,"MMMM"),"UKNNOWN") -> August | S157: =IFERROR(MONTH('RAW DATA'!B157),0) -> 8 | T157: =IF(S157<=3,"Q1",IF(S157<=6,"Q2",IF(S157<=9,"Q3","Q4"))) -> Q3 | U157: =IF('RAW DATA'!I157>20,"High",IF('RAW DATA'!I157>10,"Medium","Low")) -> Medium | V157: =IF('RAW DATA'!B157="","Yes","No") -> No | W157: =IF(COUNTIF(A$2:A456,A157)>1,"Duplicate","OK") -> OK | X157: =IFERROR(L157,L158) -> 4
A158: CC-10157 | B158: 2024-07-23 | C158: AG008 | D158: =PROPER('RAW DATA'!D158) -> Henry Bizimana | E158: Outbound | F158: Team Beta | G158: Phone | H158: Returns | I158: =IFERROR(IF('RAW DATA'!I158="",AVERAGE('RAW DATA'!I$2:I$301),'RAW DATA'!I158),0) -> 10.3 | J158: 2.8 | K158: Yes | L158: =IFERROR(IF('RAW DATA'!L158="",3,'RAW DATA'!L158),3) -> 5 | M158: Positive | N158: No | O158: 1 | P158: Transferred | Q158: Case handled by AG008 | R158: =IFERROR(TEXT('RAW DATA'!B158,"MMMM"),"UKNNOWN") -> July | S158: =IFERROR(MONTH('RAW DATA'!B158),0) -> 7 | T158: =IF(S158<=3,"Q1",IF(S158<=6,"Q2",IF(S158<=9,"Q3","Q4"))) -> Q3 | U158: =IF('RAW DATA'!I158>20,"High",IF('RAW DATA'!I158>10,"Medium","Low")) -> Medium | V158: =IF('RAW DATA'!B158="","Yes","No") -> No | W158: =IF(COUNTIF(A$2:A457,A158)>1,"Duplicate","OK") -> OK | X158: =IFERROR(L158,L159) -> 5
A159: CC-10158 | B159: 2024-08-05 | C159: AG002 | D159: =PROPER('RAW DATA'!D159) -> Bob Nshimiyimana | E159: Inbound | F159: Team Alpha | G159: Phone | H159: Returns | I159: =IFERROR(IF('RAW DATA'!I159="",AVERAGE('RAW DATA'!I$2:I$301),'RAW DATA'!I159),0) -> 1 | J159: 6.8 | K159: No | L159: =IFERROR(IF('RAW DATA'!L159="",3,'RAW DATA'!L159),3) -> 3 | M159: Very Positive | N159: Yes | O159: 0 | P159: Callback | Q159: Case handled by AG002 | R159: =IFERROR(TEXT('RAW DATA'!B159,"MMMM"),"UKNNOWN") -> August | S159: =IFERROR(MONTH('RAW DATA'!B159),0) -> 8 | T159: =IF(S159<=3,"Q1",IF(S159<=6,"Q2",IF(S159<=9,"Q3","Q4"))) -> Q3 | U159: =IF('RAW DATA'!I159>20,"High",IF('RAW DATA'!I159>10,"Medium","Low")) -> Low | V159: =IF('RAW DATA'!B159="","Yes","No") -> No | W159: =IF(COUNTIF(A$2:A458,A159)>1,"Duplicate","OK") -> OK | X159: =IFERROR(L159,L160) -> 3
A160: CC-10159 | B160: 2024-11-04 | C160: AG007 | D160: =PROPER('RAW DATA'!D160) -> Grace Uwase | E160: Email | F160: Team Gamma | G160: Chat | H160: Returns | I160: =IFERROR(IF('RAW DATA'!I160="",AVERAGE('RAW DATA'!I$2:I$301),'RAW DATA'!I160),0) -> 9.6 | J160: 5.9 | K160: Yes | L160: =IFERROR(IF('RAW DATA'!L160="",3,'RAW DATA'!L160),3) -> 4 | M160: Positive | N160: No | O160: 1 | P160: Abandoned | Q160: Case handled by AG007 | R160: =IFERROR(TEXT('RAW DATA'!B160,"MMMM"),"UKNNOWN") -> November | S160: =IFERROR(MONTH('RAW DATA'!B160),0) -> 11 | T160: =IF(S160<=3,"Q1",IF(S160<=6,"Q2",IF(S160<=9,"Q3","Q4"))) -> Q4 | U160: =IF('RAW DATA'!I160>20,"High",IF('RAW DATA'!I160>10,"Medium","Low")) -> Low | V160: =IF('RAW DATA'!B160="","Yes","No") -> No | W160: =IF(COUNTIF(A$2:A459,A160)>1,"Duplicate","OK") -> OK | X160: =IFERROR(L160,L161) -> 4
A161: CC-10160 | B161: 2024-02-08 | C161: AG007 | D161: =PROPER('RAW DATA'!D161) -> Grace Uwase | E161: Email | F161: Team Gamma | G161: Email | H161: Password Reset | I161: =IFERROR(IF('RAW DATA'!I161="",AVERAGE('RAW DATA'!I$2:I$301),'RAW DATA'!I161),0) -> 4.5 | J161: 6.7 | K161: Yes | L161: =IFERROR(IF('RAW DATA'!L161="",3,'RAW DATA'!L161),3) -> 5 | M161: Positive | N161: No | O161: 0 | P161: Escalated | Q161: Case handled by AG007 | R161: =IFERROR(TEXT('RAW DATA'!B161,"MMMM"),"UKNNOWN") -> February | S161: =IFERROR(MONTH('RAW DATA'!B161),0) -> 2 | T161: =IF(S161<=3,"Q1",IF(S161<=6,"Q2",IF(S161<=9,"Q3","Q4"))) -> Q1 | U161: =IF('RAW DATA'!I161>20,"High",IF('RAW DATA'!I161>10,"Medium","Low")) -> Low | V161: =IF('RAW DATA'!B161="","Yes","No") -> No | W161: =IF(COUNTIF(A$2:A460,A161)>1,"Duplicate","OK") -> OK | X161: =IFERROR(L161,L162) -> 5
A162: CC-10161 | B162: 2024-03-05 | C162: AG002 | D162: =PROPER('RAW DATA'!D162) -> Bob Nshimiyimana | E162: Inbound | F162: Team Alpha | G162: Phone | H162: Password Reset | I162: =IFERROR(IF('RAW DATA'!I162="",AVERAGE('RAW DATA'!I$2:I$301),'RAW DATA'!I162),0) -> 8.4 | J162: 6.9 | K162: Yes | L162: =IFERROR(IF('RAW DATA'!L162="",3,'RAW DATA'!L162),3) -> 3 | M162: Negative | N162: No | O162: 0 | P162: Abandoned | Q162: Case handled by AG002 | R162: =IFERROR(TEXT('RAW DATA'!B162,"MMMM"),"UKNNOWN") -> March | S162: =IFERROR(MONTH('RAW DATA'!B162),0) -> 3 | T162: =IF(S162<=3,"Q1",IF(S162<=6,"Q2",IF(S162<=9,"Q3","Q4"))) -> Q1 | U162: =IF('RAW DATA'!I162>20,"High",IF('RAW DATA'!I162>10,"Medium","Low")) -> Low | V162: =IF('RAW DATA'!B162="","Yes","No") -> No | W162: =IF(COUNTIF(A$2:A461,A162)>1,"Duplicate","OK") -> OK | X162: =IFERROR(L162,L163) -> 3
A163: CC-10162 | B163: 2024-07-09 | C163: AG008 | D163: =PROPER('RAW DATA'!D163) -> Henry Bizimana | E163: Outbound | F163: Team Beta | G163: Phone | H163: Shipping | I163: =IFERROR(IF('RAW DATA'!I163="",AVERAGE('RAW DATA'!I$2:I$301),'RAW DATA'!I163),0) -> 8.3 | J163: 1.4 | K163: Yes | L163: =IFERROR(IF('RAW DATA'!L163="",3,'RAW DATA'!L163),3) -> 4 | M163: Positive | N163: No | O163: 1 | P163: Callback | Q163: Case handled by AG008 | R163: =IFERROR(TEXT('RAW DATA'!B163,"MMMM"),"UKNNOWN") -> July | S163: =IFERROR(MONTH('RAW DATA'!B163),0) -> 7 | T163: =IF(S163<=3,"Q1",IF(S163<=6,"Q2",IF(S163<=9,"Q3","Q4"))) -> Q3 | U163: =IF('RAW DATA'!I163>20,"High",IF('RAW DATA'!I163>10,"Medium","Low")) -> Low | V163: =IF('RAW DATA'!B163="","Yes","No") -> No | W163: =IF(COUNTIF(A$2:A462,A163)>1,"Duplicate","OK") -> OK | X163: =IFERROR(L163,L164) -> 4
A164: CC-10163 | B164: 2024-01-14 | C164: AG003 | D164: =PROPER('RAW DATA'!D164) -> Claire Mukamana | E164: Outbound | F164: Team Beta | G164: Chat | H164: Shipping | I164: =IFERROR(IF('RAW DATA'!I164="",AVERAGE('RAW DATA'!I$2:I$301),'RAW DATA'!I164),0) -> 5 | J164: 4 | K164: Yes | L164: =IFERROR(IF('RAW DATA'!L164="",3,'RAW DATA'!L164),3) -> 4 | M164: Very Negative | N164: No | O164: 1 | P164: Callback | Q164: Case handled by AG003 | R164: =IFERROR(TEXT('RAW DATA'!B164,"MMMM"),"UKNNOWN") -> January | S164: =IFERROR(MONTH('RAW DATA'!B164),0) -> 1 | T164: =IF(S164<=3,"Q1",IF(S164<=6,"Q2",IF(S164<=9,"Q3","Q4"))) -> Q1 | U164: =IF('RAW DATA'!I164>20,"High",IF('RAW DATA'!I164>10,"Medium","Low")) -> Low | V164: =IF('RAW DATA'!B164="","Yes","No") -> No | W164: =IF(COUNTIF(A$2:A463,A164)>1,"Duplicate","OK") -> OK | X164: =IFERROR(L164,L165) -> 4
... A201: CC-10200 | B201: 2024-08-16 | C201: AG005 | D201: =PROPER('RAW DATA'!D201) -> Eve Ingabire | E201: Inbound | F201: Team Alpha | G201: Phone | H201: Shipping | I201: =IFERROR(IF('RAW DATA'!I201="",AVERAGE('RAW DATA'!I$2:I$301),'RAW DATA'!I201),0) -> 10.4 | J201: 3.5 | K201: Yes | L201: =IFERROR(IF('RAW DATA'!L201="",3,'RAW DATA'!L201),3) -> 5 | M201: Positive | N201: No | O201: 0 | P201: Callback | Q201: Case handled by AG005 | R201: =IFERROR(TEXT('RAW DATA'!B201,"MMMM"),"UKNNOWN") -> August | S201: =IFERROR(MONTH('RAW DATA'!B201),0) -> 8 | T201: =IF(S201<=3,"Q1",IF(S201<=6,"Q2",IF(S201<=9,"Q3","Q4"))) -> Q3 | U201: =IF('RAW DATA'!I201>20,"High",IF('RAW DATA'!I201>10,"Medium","Low")) -> Medium | V201: =IF('RAW DATA'!B201="","Yes","No") -> No | W201: =IF(COUNTIF(A$2:A500,A201)>1,"Duplicate","OK") -> OK | X201: =IFERROR(L201,L202) -> 5
A202: CC-10201 | C202: AG002 | D202: =PROPER('RAW DATA'!D202) -> Bob Nshimiyimana | E202: Inbound | F202: Team Alpha | G202: Phone | H202: General Inquiry | I202: =IFERROR(IF('RAW DATA'!I202="",AVERAGE('RAW DATA'!I$2:I$301),'RAW DATA'!I202),0) -> 6.3 | J202: 4.3 | K202: Yes | L202: =IFERROR(IF('RAW DATA'!L202="",3,'RAW DATA'!L202),3) -> 3 | M202: Very Negative | N202: No | O202: 1 | P202: Resolved | Q202: Case handled by AG002 | R202: =IFERROR(TEXT('RAW DATA'!B202,"MMMM"),"UKNNOWN") -> January | S202: =IFERROR(MONTH('RAW DATA'!B202),0) -> 1 | T202: =IF(S202<=3,"Q1",IF(S202<=6,"Q2",IF(S202<=9,"Q3","Q4"))) -> Q1 | U202: =IF('RAW DATA'!I202>20,"High",IF('RAW DATA'!I202>10,"Medium","Low")) -> Low | V202: =IF('RAW DATA'!B202="","Yes","No") -> Yes | W202: =IF(COUNTIF(A$2:A501,A202)>1,"Duplicate","OK") -> OK | X202: =IFERROR(L202,L203) -> 3
A203: CC-10202 | B203: 2024-04-23 | C203: AG004 | D203: =PROPER('RAW DATA'!D203) -> David Habimana | E203: Outbound | F203: Team Beta | G203: Email | H203: Password Reset | I203: =IFERROR(IF('RAW DATA'!I203="",AVERAGE('RAW DATA'!I$2:I$301),'RAW DATA'!I203),0) -> 11.3 | J203: 3.4 | K203: Yes | L203: =IFERROR(IF('RAW DATA'!L203="",3,'RAW DATA'!L203),3) -> 4 | M203: Very Negative | N203: No | O203: 1 | P203: Transferred | Q203: Case handled by AG004 | R203: =IFERROR(TEXT('RAW DATA'!B203,"MMMM"),"UKNNOWN") -> April | S203: =IFERROR(MONTH('RAW DATA'!B203),0) -> 4 | T203: =IF(S203<=3,"Q1",IF(S203<=6,"Q2",IF(S203<=9,"Q3","Q4"))) -> Q2 | U203: =IF('RAW DATA'!I203>20,"High",IF('RAW DATA'!I203>10,"Medium","Low")) -> Medium | V203: =IF('RAW DATA'!B203="","Yes","No") -> No | W203: =IF(COUNTIF(A$2:A502,A203)>1,"Duplicate","OK") -> OK | X203: =IFERROR(L203,L204) -> 4
A204: CC-10203 | B204: 2024-12-06 | C204: AG004 | D204: =PROPER('RAW DATA'!D204) -> David Habimana | E204: Outbound | F204: Team Beta | G204: Chat | H204: General Inquiry | I204: =IFERROR(IF('RAW DATA'!I204="",AVERAGE('RAW DATA'!I$2:I$301),'RAW DATA'!I204),0) -> 8.3 | J204: 1 | K204: Yes | L204: =IFERROR(IF('RAW DATA'!L204="",3,'RAW DATA'!L204),3) -> 4 | M204: Positive | N204: No | O204: 0 | P204: Abandoned | Q204: Case handled by AG004 | R204: =IFERROR(TEXT('RAW DATA'!B204,"MMMM"),"UKNNOWN") -> December | S204: =IFERROR(MONTH('RAW DATA'!B204),0) -> 12 | T204: =IF(S204<=3,"Q1",IF(S204<=6,"Q2",IF(S204<=9,"Q3","Q4"))) -> Q4 | U204: =IF('RAW DATA'!I204>20,"High",IF('RAW DATA'!I204>10,"Medium","Low")) -> Low | V204: =IF('RAW DATA'!B204="","Yes","No") -> No | W204: =IF(COUNTIF(A$2:A503,A204)>1,"Duplicate","OK") -> OK | X204: =IFERROR(L204,L205) -> 4
A205: CC-10204 | B205: 2024-10-15 | C205: AG002 | D205: =PROPER('RAW DATA'!D205) -> Bob Nshimiyimana | E205: Inbound | F205: Team Alpha | G205: Phone | H205: Password Reset | I205: =IFERROR(IF('RAW DATA'!I205="",AVERAGE('RAW DATA'!I$2:I$301),'RAW DATA'!I205),0) -> 11.5 | J205: 5 | K205: Yes | L205: =IFERROR(IF('RAW DATA'!L205="",3,'RAW DATA'!L205),3) -> 4 | M205: Positive | N205: No | O205: 0 | P205: Escalated | Q205: Case handled by AG002 | R205: =IFERROR(TEXT('RAW DATA'!B205,"MMMM"),"UKNNOWN") -> October | S205: =IFERROR(MONTH('RAW DATA'!B205),0) -> 10 | T205: =IF(S205<=3,"Q1",IF(S205<=6,"Q2",IF(S205<=9,"Q3","Q4"))) -> Q4 | U205: =IF('RAW DATA'!I205>20,"High",IF('RAW DATA'!I205>10,"Medium","Low")) -> Medium | V205: =IF('RAW DATA'!B205="","Yes","No") -> No | W205: =IF(COUNTIF(A$2:A504,A205)>1,"Duplicate","OK") -> OK | X205: =IFERROR(L205,L206) -> 4
A206: CC-10205 | B206: 2024-12-14 | C206: AG004 | D206: =PROPER('RAW DATA'!D206) -> David Habimana | E206: Outbound | F206: Team Beta | G206: Chat | H206: Account | I206: =IFERROR(IF('RAW DATA'!I206="",AVERAGE('RAW DATA'!I$2:I$301),'RAW DATA'!I206),0) -> 7.3 | J206: 1.7 | K206: Yes | L206: =IFERROR(IF('RAW DATA'!L206="",3,'RAW DATA'!L206),3) -> 5 | M206: Very Negative | N206: No | O206: 1 | P206: Resolved | Q206: Case handled by AG004 | R206: =IFERROR(TEXT('RAW DATA'!B206,"MMMM"),"UKNNOWN") -> December | S206: =IFERROR(MONTH('RAW DATA'!B206),0) -> 12 | T206: =IF(S206<=3,"Q1",IF(S206<=6,"Q2",IF(S206<=9,"Q3","Q4"))) -> Q4 | U206: =IF('RAW DATA'!I206>20,"High",IF('RAW DATA'!I206>10,"Medium","Low")) -> Low | V206: =IF('RAW DATA'!B206="","Yes","No") -> No | W206: =IF(COUNTIF(A$2:A505,A206)>1,"Duplicate","OK") -> OK | X206: =IFERROR(L206,L207) -> 5
A207: CC-10206 | B207: 2024-07-31 | C207: AG008 | D207: =PROPER('RAW DATA'!D207) -> Henry Bizimana | E207: Outbound | F207: Team Beta | G207: Chat | H207: Returns | I207: =IFERROR(IF('RAW DATA'!I207="",AVERAGE('RAW DATA'!I$2:I$301),'RAW DATA'!I207),0) -> 4.5 | J207: 3 | K207: Yes | L207: =IFERROR(IF('RAW DATA'!L207="",3,'RAW DATA'!L207),3) -> 5 | M207: Positive | N207: No | O207: 1 | P207: Resolved | Q207: Case handled by AG008 | R207: =IFERROR(TEXT('RAW DATA'!B207,"MMMM"),"UKNNOWN") -> July | S207: =IFERROR(MONTH('RAW DATA'!B207),0) -> 7 | T207: =IF(S207<=3,"Q1",IF(S207<=6,"Q2",IF(S207<=9,"Q3","Q4"))) -> Q3 | U207: =IF('RAW DATA'!I207>20,"High",IF('RAW DATA'!I207>10,"Medium","Low")) -> Low | V207: =IF('RAW DATA'!B207="","Yes","No") -> No | W207: =IF(COUNTIF(A$2:A506,A207)>1,"Duplicate","OK") -> OK | X207: =IFERROR(L207,L208) -> 5
A208: CC-10207 | B208: 2024-04-21 | C208: AG010 | D208: =PROPER('RAW DATA'!D208) -> John Gasana | E208: Email | F208: Team Gamma | G208: Chat | H208: Billing | I208: =IFERROR(IF('RAW DATA'!I208="",AVERAGE('RAW DATA'!I$2:I$301),'RAW DATA'!I208),0) -> 10.8 | J208: 4.9 | K208: Yes | L208: =IFERROR(IF('RAW DATA'!L208="",3,'RAW DATA'!L208),3) -> 5 | M208: Negative | N208: No | O208: 0 | P208: Resolved | Q208: Case handled by AG010 | R208: =IFERROR(TEXT('RAW DATA'!B208,"MMMM"),"UKNNOWN") -> April | S208: =IFERROR(MONTH('RAW DATA'!B208),0) -> 4 | T208: =IF(S208<=3,"Q1",IF(S208<=6,"Q2",IF(S208<=9,"Q3","Q4"))) -> Q2 | U208: =IF('RAW DATA'!I208>20,"High",IF('RAW DATA'!I208>10,"Medium","Low")) -> Medium | V208: =IF('RAW DATA'!B208="","Yes","No") -> No | W208: =IF(COUNTIF(A$2:A507,A208)>1,"Duplicate","OK") -> OK | X208: =IFERROR(L208,L209) -> 5
A209: CC-10208 | B209: 2024-07-28 | C209: AG003 | D209: =PROPER('RAW DATA'!D209) -> Claire Mukamana | E209: Outbound | F209: Team Beta | G209: Chat | H209: Password Reset | I209: =IFERROR(IF('RAW DATA'!I209="",AVERAGE('RAW DATA'!I$2:I$301),'RAW DATA'!I209),0) -> 8.6 | J209: 0.6 | K209: Yes | L209: =IFERROR(IF('RAW DATA'!L209="",3,'RAW DATA'!L209),3) -> 5 | M209: Very Positive | N209: No | O209: 1 | P209: Callback | Q209: Case handled by AG003 | R209: =IFERROR(TEXT('RAW DATA'!B209,"MMMM"),"UKNNOWN") -> July | S209: =IFERROR(MONTH('RAW DATA'!B209),0) -> 7 | T209: =IF(S209<=3,"Q1",IF(S209<=6,"Q2",IF(S209<=9,"Q3","Q4"))) -> Q3 | U209: =IF('RAW DATA'!I209>20,"High",IF('RAW DATA'!I209>10,"Medium","Low")) -> Low | V209: =IF('RAW DATA'!B209="","Yes","No") -> No | W209: =IF(COUNTIF(A$2:A508,A209)>1,"Duplicate","OK") -> OK | X209: =IFERROR(L209,L210) -> 5
A210: CC-10209 | B210: 2024-07-11 | C210: AG002 | D210: =PROPER('RAW DATA'!D210) -> Bob Nshimiyimana | E210: Inbound | F210: Team Alpha | G210: Phone | H210: Payment | I210: =IFERROR(IF('RAW DATA'!I210="",AVERAGE('RAW DATA'!I$2:I$301),'RAW DATA'!I210),0) -> 6.2 | J210: 1.3 | K210: Yes | L210: =IFERROR(IF('RAW DATA'!L210="",3,'RAW DATA'!L210),3) -> 4 | M210: Very Negative | N210: No | O210: 1 | P210: Resolved | Q210: Case handled by AG002 | R210: =IFERROR(TEXT('RAW DATA'!B210,"MMMM"),"UKNNOWN") -> July | S210: =IFERROR(MONTH('RAW DATA'!B210),0) -> 7 | T210: =IF(S210<=3,"Q1",IF(S210<=6,"Q2",IF(S210<=9,"Q3","Q4"))) -> Q3 | U210: =IF('RAW DATA'!I210>20,"High",IF('RAW DATA'!I210>10,"Medium","Low")) -> Low | V210: =IF('RAW DATA'!B210="","Yes","No") -> No | W210: =IF(COUNTIF(A$2:A509,A210)>1,"Duplicate","OK") -> OK | X210: =IFERROR(L210,L211) -> 4
A211: CC-10210 | B211: 2024-03-06 | C211: AG004 | D211: =PROPER('RAW DATA'!D211) -> David Habimana | E211: Outbound | F211: Team Beta | G211: Chat | H211: Payment | I211: =IFERROR(IF('RAW DATA'!I211="",AVERAGE('RAW DATA'!I$2:I$301),'RAW DATA'!I211),0) -> 10.6 | J211: 1.1 | K211: Yes | L211: =IFERROR(IF('RAW DATA'!L211="",3,'RAW DATA'!L211),3) -> 5 | M211: Neutral | N211: No | O211: 1 | P211: Abandoned | Q211: Case handled by AG004 | R211: =IFERROR(TEXT('RAW DATA'!B211,"MMMM"),"UKNNOWN") -> March | S211: =IFERROR(MONTH('RAW DATA'!B211),0) -> 3 | T211: =IF(S211<=3,"Q1",IF(S211<=6,"Q2",IF(S211<=9,"Q3","Q4"))) -> Q1 | U211: =IF('RAW DATA'!I211>20,"High",IF('RAW DATA'!I211>10,"Medium","Low")) -> Medium | V211: =IF('RAW DATA'!B211="","Yes","No") -> No | W211: =IF(COUNTIF(A$2:A510,A211)>1,"Duplicate","OK") -> OK | X211: =IFERROR(L211,L212) -> 5
A212: CC-10211 | B212: 2024-05-06 | C212: AG008 | D212: =PROPER('RAW DATA'!D212) -> Henry Bizimana | E212: Outbound | F212: Team Beta | G212: Chat | H212: Billing | I212: =IFERROR(IF('RAW DATA'!I212="",AVERAGE('RAW DATA'!I$2:I$301),'RAW DATA'!I212),0) -> 7.6041237 | J212: 5.3 | K212: Yes | L212: =IFERROR(IF('RAW DATA'!L212="",3,'RAW DATA'!L212),3) -> 5 | M212: Neutral | N212: No | O212: 0 | P212: Resolved | Q212: Case handled by AG008 | R212: =IFERROR(TEXT('RAW DATA'!B212,"MMMM"),"UKNNOWN") -> May | S212: =IFERROR(MONTH('RAW DATA'!B212),0) -> 5 | T212: =IF(S212<=3,"Q1",IF(S212<=6,"Q2",IF(S212<=9,"Q3","Q4"))) -> Q2 | U212: =IF('RAW DATA'!I212>20,"High",IF('RAW DATA'!I212>10,"Medium","Low")) -> Low | V212: =IF('RAW DATA'!B212="","Yes","No") -> No | W212: =IF(COUNTIF(A$2:A511,A212)>1,"Duplicate","OK") -> OK | X212: =IFERROR(L212,L213) -> 5
A213: CC-10212 | B213: 2024-04-15 | C213: AG002 | D213: =PROPER('RAW DATA'!D213) -> Bob Nshimiyimana | E213: Inbound | F213: Team Alpha | G213: Phone | H213: Payment | I213: =IFERROR(IF('RAW DATA'!I213="",AVERAGE('RAW DATA'!I$2:I$301),'RAW DATA'!I213),0) -> 8.6 | J213: 4.3 | K213: Yes | L213: =IFERROR(IF('RAW DATA'!L213="",3,'RAW DATA'!L213),3) -> 4 | M213: Very Positive | N213: No | O213: 0 | P213: Escalated | Q213: Case handled by AG002 | R213: =IFERROR(TEXT('RAW DATA'!B213,"MMMM"),"UKNNOWN") -> April | S213: =IFERROR(MONTH('RAW DATA'!B213),0) -> 4 | T213: =IF(S213<=3,"Q1",IF(S213<=6,"Q2",IF(S213<=9,"Q3","Q4"))) -> Q2 | U213: =IF('RAW DATA'!I213>20,"High",IF('RAW DATA'!I213>10,"Medium","Low")) -> Low | V213: =IF('RAW DATA'!B213="","Yes","No") -> No | W213: =IF(COUNTIF(A$2:A512,A213)>1,"Duplicate","OK") -> OK | X213: =IFERROR(L213,L214) -> 4
A214: CC-10213 | B214: 2024-04-29 | C214: AG009 | D214: =PROPER('RAW DATA'!D214) -> Irene Mutesi | E214: Inbound | F214: Team Alpha | G214: Email | H214: General Inquiry | I214: =IFERROR(IF('RAW DATA'!I214="",AVERAGE('RAW DATA'!I$2:I$301),'RAW DATA'!I214),0) -> 9.2 | J214: 7.9 | K214: No | L214: =IFERROR(IF('RAW DATA'!L214="",3,'RAW DATA'!L214),3) -> 2 | M214: Very Negative | N214: No | O214: 1 | P214: Escalated | Q214: Case handled by AG009 | R214: =IFERROR(TEXT('RAW DATA'!B214,"MMMM"),"UKNNOWN") -> April | S214: =IFERROR(MONTH('RAW DATA'!B214),0) -> 4 | T214: =IF(S214<=3,"Q1",IF(S214<=6,"Q2",IF(S214<=9,"Q3","Q4"))) -> Q2 | U214: =IF('RAW DATA'!I214>20,"High",IF('RAW DATA'!I214>10,"Medium","Low")) -> Low | V214: =IF('RAW DATA'!B214="","Yes","No") -> No | W214: =IF(COUNTIF(A$2:A513,A214)>1,"Duplicate","OK") -> OK | X214: =IFERROR(L214,L215) -> 2
... A251: CC-10250 | B251: 2024-02-20 | C251: AG005 | D251: =PROPER('RAW DATA'!D251) -> Eve Ingabire | E251: Inbound | F251: Team Alpha | G251: Phone | H251: Payment | I251: =IFERROR(IF('RAW DATA'!I251="",AVERAGE('RAW DATA'!I$2:I$301),'RAW DATA'!I251),0) -> 8.9 | J251: 7.3 | K251: Yes | L251: =IFERROR(IF('RAW DATA'!L251="",3,'RAW DATA'!L251),3) -> 4 | M251: Very Positive | N251: No | O251: 0 | P251: Transferred | Q251: Case handled by AG005 | R251: =IFERROR(TEXT('RAW DATA'!B251,"MMMM"),"UKNNOWN") -> February | S251: =IFERROR(MONTH('RAW DATA'!B251),0) -> 2 | T251: =IF(S251<=3,"Q1",IF(S251<=6,"Q2",IF(S251<=9,"Q3","Q4"))) -> Q1 | U251: =IF('RAW DATA'!I251>20,"High",IF('RAW DATA'!I251>10,"Medium","Low")) -> Low | V251: =IF('RAW DATA'!B251="","Yes","No") -> No | W251: =IF(COUNTIF(A$2:A550,A251)>1,"Duplicate","OK") -> OK | X251: =IFERROR(L251,L252) -> 4
A252: CC-10251 | C252: AG010 | D252: =PROPER('RAW DATA'!D252) -> John Gasana | E252: Email | F252: Team Gamma | G252: Phone | H252: Payment | I252: =IFERROR(IF('RAW DATA'!I252="",AVERAGE('RAW DATA'!I$2:I$301),'RAW DATA'!I252),0) -> 7.4 | J252: 2.9 | K252: Yes | L252: =IFERROR(IF('RAW DATA'!L252="",3,'RAW DATA'!L252),3) -> 5 | M252: Positive | N252: No | O252: 1 | P252: Resolved | Q252: Case handled by AG010 | R252: =IFERROR(TEXT('RAW DATA'!B252,"MMMM"),"UKNNOWN") -> January | S252: =IFERROR(MONTH('RAW DATA'!B252),0) -> 1 | T252: =IF(S252<=3,"Q1",IF(S252<=6,"Q2",IF(S252<=9,"Q3","Q4"))) -> Q1 | U252: =IF('RAW DATA'!I252>20,"High",IF('RAW DATA'!I252>10,"Medium","Low")) -> Low | V252: =IF('RAW DATA'!B252="","Yes","No") -> Yes | W252: =IF(COUNTIF(A$2:A551,A252)>1,"Duplicate","OK") -> OK | X252: =IFERROR(L252,L253) -> 5
A253: CC-10252 | B253: 2024-02-29 | C253: AG003 | D253: =PROPER('RAW DATA'!D253) -> Claire Mukamana | E253: Outbound | F253: Team Beta | G253: Chat | H253: Technical | I253: =IFERROR(IF('RAW DATA'!I253="",AVERAGE('RAW DATA'!I$2:I$301),'RAW DATA'!I253),0) -> 6.4 | J253: 5.5 | K253: Yes | L253: =IFERROR(IF('RAW DATA'!L253="",3,'RAW DATA'!L253),3) -> 5 | M253: Very Positive | N253: No | O253: 1 | P253: Callback | Q253: Case handled by AG003 | R253: =IFERROR(TEXT('RAW DATA'!B253,"MMMM"),"UKNNOWN") -> February | S253: =IFERROR(MONTH('RAW DATA'!B253),0) -> 2 | T253: =IF(S253<=3,"Q1",IF(S253<=6,"Q2",IF(S253<=9,"Q3","Q4"))) -> Q1 | U253: =IF('RAW DATA'!I253>20,"High",IF('RAW DATA'!I253>10,"Medium","Low")) -> Low | V253: =IF('RAW DATA'!B253="","Yes","No") -> No | W253: =IF(COUNTIF(A$2:A552,A253)>1,"Duplicate","OK") -> OK | X253: =IFERROR(L253,L254) -> 5
A254: CC-10253 | B254: 2024-12-22 | C254: AG008 | D254: =PROPER('RAW DATA'!D254) -> Henry Bizimana | E254: Outbound | F254: Team Beta | G254: Phone | H254: Technical | I254: =IFERROR(IF('RAW DATA'!I254="",AVERAGE('RAW DATA'!I$2:I$301),'RAW DATA'!I254),0) -> 6.9 | J254: 5.5 | K254: Yes | L254: =IFERROR(IF('RAW DATA'!L254="",3,'RAW DATA'!L254),3) -> 5 | M254: Neutral | N254: No | O254: 0 | P254: Resolved | Q254: Case handled by AG008 | R254: =IFERROR(TEXT('RAW DATA'!B254,"MMMM"),"UKNNOWN") -> December | S254: =IFERROR(MONTH('RAW DATA'!B254),0) -> 12 | T254: =IF(S254<=3,"Q1",IF(S254<=6,"Q2",IF(S254<=9,"Q3","Q4"))) -> Q4 | U254: =IF('RAW DATA'!I254>20,"High",IF('RAW DATA'!I254>10,"Medium","Low")) -> Low | V254: =IF('RAW DATA'!B254="","Yes","No") -> No | W254: =IF(COUNTIF(A$2:A553,A254)>1,"Duplicate","OK") -> OK | X254: =IFERROR(L254,L255) -> 5
A255: CC-10254 | B255: 2024-05-04 | C255: AG009 | D255: =PROPER('RAW DATA'!D255) -> Irene Mutesi | E255: Inbound | F255: Team Alpha | G255: Chat | H255: Account | I255: =IFERROR(IF('RAW DATA'!I255="",AVERAGE('RAW DATA'!I$2:I$301),'RAW DATA'!I255),0) -> 8.8 | J255: 5.1 | K255: Yes | L255: =IFERROR(IF('RAW DATA'!L255="",3,'RAW DATA'!L255),3) -> 4 | M255: Neutral | N255: No | O255: 1 | P255: Escalated | Q255: Case handled by AG009 | R255: =IFERROR(TEXT('RAW DATA'!B255,"MMMM"),"UKNNOWN") -> May | S255: =IFERROR(MONTH('RAW DATA'!B255),0) -> 5 | T255: =IF(S255<=3,"Q1",IF(S255<=6,"Q2",IF(S255<=9,"Q3","Q4"))) -> Q2 | U255: =IF('RAW DATA'!I255>20,"High",IF('RAW DATA'!I255>10,"Medium","Low")) -> Low | V255: =IF('RAW DATA'!B255="","Yes","No") -> No | W255: =IF(COUNTIF(A$2:A554,A255)>1,"Duplicate","OK") -> OK | X255: =IFERROR(L255,L256) -> 4
A256: CC-10255 | B256: 2024-11-23 | C256: AG007 | D256: =PROPER('RAW DATA'!D256) -> Grace Uwase | E256: Email | F256: Team Gamma | G256: Chat | H256: Payment | I256: =IFERROR(IF('RAW DATA'!I256="",AVERAGE('RAW DATA'!I$2:I$301),'RAW DATA'!I256),0) -> 4.1 | J256: 6 | K256: Yes | L256: =IFERROR(IF('RAW DATA'!L256="",3,'RAW DATA'!L256),3) -> 5 | M256: Positive | N256: No | O256: 1 | P256: Abandoned | Q256: Case handled by AG007 | R256: =IFERROR(TEXT('RAW DATA'!B256,"MMMM"),"UKNNOWN") -> November | S256: =IFERROR(MONTH('RAW DATA'!B256),0) -> 11 | T256: =IF(S256<=3,"Q1",IF(S256<=6,"Q2",IF(S256<=9,"Q3","Q4"))) -> Q4 | U256: =IF('RAW DATA'!I256>20,"High",IF('RAW DATA'!I256>10,"Medium","Low")) -> Low | V256: =IF('RAW DATA'!B256="","Yes","No") -> No | W256: =IF(COUNTIF(A$2:A555,A256)>1,"Duplicate","OK") -> OK | X256: =IFERROR(L256,L257) -> 5
A257: CC-10256 | B257: 2024-12-26 | C257: AG004 | D257: =PROPER('RAW DATA'!D257) -> David Habimana | E257: Outbound | F257: Team Beta | G257: Phone | H257: Account | I257: =IFERROR(IF('RAW DATA'!I257="",AVERAGE('RAW DATA'!I$2:I$301),'RAW DATA'!I257),0) -> 9.4 | J257: 7.2 | K257: Yes | L257: =IFERROR(IF('RAW DATA'!L257="",3,'RAW DATA'!L257),3) -> 5 | M257: Negative | N257: No | O257: 0 | P257: Abandoned | Q257: Case handled by AG004 | R257: =IFERROR(TEXT('RAW DATA'!B257,"MMMM"),"UKNNOWN") -> December | S257: =IFERROR(MONTH('RAW DATA'!B257),0) -> 12 | T257: =IF(S257<=3,"Q1",IF(S257<=6,"Q2",IF(S257<=9,"Q3","Q4"))) -> Q4 | U257: =IF('RAW DATA'!I257>20,"High",IF('RAW DATA'!I257>10,"Medium","Low")) -> Low | V257: =IF('RAW DATA'!B257="","Yes","No") -> No | W257: =IF(COUNTIF(A$2:A556,A257)>1,"Duplicate","OK") -> OK | X257: =IFERROR(L257,L258) -> 5
A258: CC-10257 | B258: 2024-06-15 | C258: AG004 | D258: =PROPER('RAW DATA'!D258) -> David Habimana | E258: Outbound | F258: Team Beta | G258: Chat | H258: Payment | I258: =IFERROR(IF('RAW DATA'!I258="",AVERAGE('RAW DATA'!I$2:I$301),'RAW DATA'!I258),0) -> 5.7 | J258: 4.4 | K258: Yes | L258: =IFERROR(IF('RAW DATA'!L258="",3,'RAW DATA'!L258),3) -> 5 | M258: Very Negative | N258: No | O258: 1 | P258: Abandoned | Q258: Case handled by AG004 | R258: =IFERROR(TEXT('RAW DATA'!B258,"MMMM"),"UKNNOWN") -> June | S258: =IFERROR(MONTH('RAW DATA'!B258),0) -> 6 | T258: =IF(S258<=3,"Q1",IF(S258<=6,"Q2",IF(S258<=9,"Q3","Q4"))) -> Q2 | U258: =IF('RAW DATA'!I258>20,"High",IF('RAW DATA'!I258>10,"Medium","Low")) -> Low | V258: =IF('RAW DATA'!B258="","Yes","No") -> No | W258: =IF(COUNTIF(A$2:A557,A258)>1,"Duplicate","OK") -> OK | X258: =IFERROR(L258,L259) -> 5
A259: CC-10258 | B259: 2024-02-28 | C259: AG006 | D259: =PROPER('RAW DATA'!D259) -> Frank Nzeyimana | E259: Email | F259: Team Gamma | G259: Phone | H259: Technical | I259: =IFERROR(IF('RAW DATA'!I259="",AVERAGE('RAW DATA'!I$2:I$301),'RAW DATA'!I259),0) -> 6 | J259: 5.8 | K259: No | L259: =IFERROR(IF('RAW DATA'!L259="",3,'RAW DATA'!L259),3) -> 3 | M259: Neutral | N259: No | O259: 0 | P259: Escalated | Q259: Case handled by AG006 | R259: =IFERROR(TEXT('RAW DATA'!B259,"MMMM"),"UKNNOWN") -> February | S259: =IFERROR(MONTH('RAW DATA'!B259),0) -> 2 | T259: =IF(S259<=3,"Q1",IF(S259<=6,"Q2",IF(S259<=9,"Q3","Q4"))) -> Q1 | U259: =IF('RAW DATA'!I259>20,"High",IF('RAW DATA'!I259>10,"Medium","Low")) -> Low | V259: =IF('RAW DATA'!B259="","Yes","No") -> No | W259: =IF(COUNTIF(A$2:A558,A259)>1,"Duplicate","OK") -> OK | X259: =IFERROR(L259,L260) -> 3
A260: CC-10259 | B260: 2024-06-05 | C260: AG002 | D260: =PROPER('RAW DATA'!D260) -> Bob Nshimiyimana | E260: Inbound | F260: Team Alpha | G260: Phone | H260: Payment | I260: =IFERROR(IF('RAW DATA'!I260="",AVERAGE('RAW DATA'!I$2:I$301),'RAW DATA'!I260),0) -> 9.9 | J260: 6.8 | K260: Yes | L260: =IFERROR(IF('RAW DATA'!L260="",3,'RAW DATA'!L260),3) -> 4 | M260: Very Positive | N260: No | O260: 1 | P260: Abandoned | Q260: Case handled by AG002 | R260: =IFERROR(TEXT('RAW DATA'!B260,"MMMM"),"UKNNOWN") -> June | S260: =IFERROR(MONTH('RAW DATA'!B260),0) -> 6 | T260: =IF(S260<=3,"Q1",IF(S260<=6,"Q2",IF(S260<=9,"Q3","Q4"))) -> Q2 | U260: =IF('RAW DATA'!I260>20,"High",IF('RAW DATA'!I260>10,"Medium","Low")) -> Low | V260: =IF('RAW DATA'!B260="","Yes","No") -> No | W260: =IF(COUNTIF(A$2:A559,A260)>1,"Duplicate","OK") -> OK | X260: =IFERROR(L260,L261) -> 4
A261: CC-10260 | B261: 2024-04-05 | C261: AG008 | D261: =PROPER('RAW DATA'!D261) -> Henry Bizimana | E261: Outbound | F261: Team Beta | G261: Phone | H261: Password Reset | I261: =IFERROR(IF('RAW DATA'!I261="",AVERAGE('RAW DATA'!I$2:I$301),'RAW DATA'!I261),0) -> 5 | J261: 1.7 | K261: Yes | L261: =IFERROR(IF('RAW DATA'!L261="",3,'RAW DATA'!L261),3) -> 5 | M261: Negative | N261: No | O261: 0 | P261: Abandoned | Q261: Case handled by AG008 | R261: =IFERROR(TEXT('RAW DATA'!B261,"MMMM"),"UKNNOWN") -> April | S261: =IFERROR(MONTH('RAW DATA'!B261),0) -> 4 | T261: =IF(S261<=3,"Q1",IF(S261<=6,"Q2",IF(S261<=9,"Q3","Q4"))) -> Q2 | U261: =IF('RAW DATA'!I261>20,"High",IF('RAW DATA'!I261>10,"Medium","Low")) -> Low | V261: =IF('RAW DATA'!B261="","Yes","No") -> No | W261: =IF(COUNTIF(A$2:A560,A261)>1,"Duplicate","OK") -> OK | X261: =IFERROR(L261,L262) -> 5
A262: CC-10261 | B262: 2024-03-12 | C262: AG003 | D262: =PROPER('RAW DATA'!D262) -> Claire Mukamana | E262: Outbound | F262: Team Beta | G262: Phone | H262: Shipping | I262: =IFERROR(IF('RAW DATA'!I262="",AVERAGE('RAW DATA'!I$2:I$301),'RAW DATA'!I262),0) -> 6.7 | J262: 6 | K262: No | L262: =IFERROR(IF('RAW DATA'!L262="",3,'RAW DATA'!L262),3) -> 2 | M262: Very Positive | N262: Yes | O262: 0 | P262: Transferred | Q262: Case handled by AG003 | R262: =IFERROR(TEXT('RAW DATA'!B262,"MMMM"),"UKNNOWN") -> March | S262: =IFERROR(MONTH('RAW DATA'!B262),0) -> 3 | T262: =IF(S262<=3,"Q1",IF(S262<=6,"Q2",IF(S262<=9,"Q3","Q4"))) -> Q1 | U262: =IF('RAW DATA'!I262>20,"High",IF('RAW DATA'!I262>10,"Medium","Low")) -> Low | V262: =IF('RAW DATA'!B262="","Yes","No") -> No | W262: =IF(COUNTIF(A$2:A561,A262)>1,"Duplicate","OK") -> OK | X262: =IFERROR(L262,L263) -> 2
A263: CC-10262 | B263: 2024-10-14 | C263: AG009 | D263: =PROPER('RAW DATA'!D263) -> Irene Mutesi | E263: Inbound | F263: Team Alpha | G263: Phone | H263: Technical | I263: =IFERROR(IF('RAW DATA'!I263="",AVERAGE('RAW DATA'!I$2:I$301),'RAW DATA'!I263),0) -> 6.2 | J263: 2.3 | K263: Yes | L263: =IFERROR(IF('RAW DATA'!L263="",3,'RAW DATA'!L263),3) -> 4 | M263: Very Negative | N263: No | O263: 1 | P263: Transferred | Q263: Case handled by AG009 | R263: =IFERROR(TEXT('RAW DATA'!B263,"MMMM"),"UKNNOWN") -> October | S263: =IFERROR(MONTH('RAW DATA'!B263),0) -> 10 | T263: =IF(S263<=3,"Q1",IF(S263<=6,"Q2",IF(S263<=9,"Q3","Q4"))) -> Q4 | U263: =IF('RAW DATA'!I263>20,"High",IF('RAW DATA'!I263>10,"Medium","Low")) -> Low | V263: =IF('RAW DATA'!B263="","Yes","No") -> No | W263: =IF(COUNTIF(A$2:A562,A263)>1,"Duplicate","OK") -> OK | X263: =IFERROR(L263,L264) -> 4
A264: CC-10263 | B264: 2024-01-16 | C264: AG004 | D264: =PROPER('RAW DATA'!D264) -> David Habimana | E264: Outbound | F264: Team Beta | G264: Email | H264: Password Reset | I264: =IFERROR(IF('RAW DATA'!I264="",AVERAGE('RAW DATA'!I$2:I$301),'RAW DATA'!I264),0) -> 7.4 | J264: 5.5 | K264: Yes | L264: =IFERROR(IF('RAW DATA'!L264="",3,'RAW DATA'!L264),3) -> 4 | M264: Very Negative | N264: No | O264: 0 | P264: Transferred | Q264: Case handled by AG004 | R264: =IFERROR(TEXT('RAW DATA'!B264,"MMMM"),"UKNNOWN") -> January | S264: =IFERROR(MONTH('RAW DATA'!B264),0) -> 1 | T264: =IF(S264<=3,"Q1",IF(S264<=6,"Q2",IF(S264<=9,"Q3","Q4"))) -> Q1 | U264: =IF('RAW DATA'!I264>20,"High",IF('RAW DATA'!I264>10,"Medium","Low")) -> Low | V264: =IF('RAW DATA'!B264="","Yes","No") -> No | W264: =IF(COUNTIF(A$2:A563,A264)>1,"Duplicate","OK") -> OK | X264: =IFERROR(L264,L265) -> 4
... A301: CC-10300 | B301: 2024-03-02 | C301: AG002 | D301: =PROPER('RAW DATA'!D301) -> Bob Nshimiyimana | E301: Inbound | F301: Team Alpha | G301: Phone | H301: Account | I301: =IFERROR(IF('RAW DATA'!I301="",AVERAGE('RAW DATA'!I$2:I$301),'RAW DATA'!I301),0) -> 10.5 | J301: 6.5 | K301: Yes | L301: =IFERROR(IF('RAW DATA'!L301="",3,'RAW DATA'!L301),3) -> 5 | M301: Positive | N301: No | O301: 0 | P301: Escalated | Q301: Case handled by AG002 | R301: =IFERROR(TEXT('RAW DATA'!B301,"MMMM"),"UKNNOWN") -> March | S301: =IFERROR(MONTH('RAW DATA'!B301),0) -> 3 | T301: =IF(S301<=3,"Q1",IF(S301<=6,"Q2",IF(S301<=9,"Q3","Q4"))) -> Q1 | U301: =IF('RAW DATA'!I301>20,"High",IF('RAW DATA'!I301>10,"Medium","Low")) -> Medium | V301: =IF('RAW DATA'!B301="","Yes","No") -> No | W301: =IF(COUNTIF(A$2:A600,A301)>1,"Duplicate","OK") -> OK | X301: =IFERROR(L301,L302) -> 5

Sheet Analysis
A1: 📊 A. FCR Rate by Team (COUNTIFS)
A2: Team | B2: Total Cases | C2: FCR = Yes | D2: FCR = No | E2: FCR Rate %
A3: Team Alpha | B3: =COUNTIF('Cleaned Data '!F$2:F301,Analysis!A3) -> 119 | C3: =COUNTIFS('Cleaned Data '!F2:F301,Analysis!A3,'Cleaned Data '!K2:K301,"Yes") -> 86 | D3: =COUNTIFS('Cleaned Data '!F2:F301,Analysis!A3,'Cleaned Data '!K2:K301,"No") -> 33 | E3: =IFERROR(C3/B3,0) -> 0.72268908
A4: Team Beta | B4: =COUNTIF('Cleaned Data '!F$2:F302,Analysis!A4) -> 94 | C4: =COUNTIFS('Cleaned Data '!F3:F302,Analysis!A4,'Cleaned Data '!K3:K302,"Yes") -> 73 | D4: =COUNTIFS('Cleaned Data '!F3:F302,Analysis!A4,'Cleaned Data '!K3:K302,"No") -> 21 | E4: =IFERROR(C4/B4,0) -> 0.77659574
A5: Team Gamma | B5: =COUNTIF('Cleaned Data '!F$2:F303,Analysis!A5) -> 87 | C5: =COUNTIFS('Cleaned Data '!F4:F303,Analysis!A5,'Cleaned Data '!K4:K303,"Yes") -> 65 | D5: =COUNTIFS('Cleaned Data '!F4:F303,Analysis!A5,'Cleaned Data '!K4:K303,"No") -> 22 | E5: =IFERROR(C5/B5,0) -> 0.74712644
A8: 📊 B. Avg CSAT & Handle Time by Issue (AVERAGEIFS)
A9: Issue Category | B9: Avg CSAT | C9: Avg Handle Time | D9: Case Count
A10: Billing | B10: =IFERROR(AVERAGEIF('Cleaned Data '!H2:H301,Analysis!A10,'Cleaned Data '!L2:L301),0) -> 3.9428571 | C10: =IFERROR(AVERAGEIF('Cleaned Data '!H$2:H$301,Analysis!A10,'Cleaned Data '!I$2:I$301),0) -> 7.6204713 | D10: =COUNTIF('Cleaned Data '!H$2:H$4301,Analysis!A10) -> 35
A11: Technical | B11: =IFERROR(AVERAGEIF('Cleaned Data '!H3:H302,Analysis!A11,'Cleaned Data '!L3:L302),0) -> 3.8837209 | C11: =IFERROR(AVERAGEIF('Cleaned Data '!H$2:H$301,Analysis!A11,'Cleaned Data '!I$2:I$301),0) -> 7.2651163 | D11: =COUNTIF('Cleaned Data '!H$2:H$4301,Analysis!A11) -> 43
A12: Account | B12: =IFERROR(AVERAGEIF('Cleaned Data '!H4:H303,Analysis!A12,'Cleaned Data '!L4:L303),0) -> 4.0263158 | C12: =IFERROR(AVERAGEIF('Cleaned Data '!H$2:H$301,Analysis!A12,'Cleaned Data '!I$2:I$301),0) -> 7.5054802 | D12: =COUNTIF('Cleaned Data '!H$2:H$4301,Analysis!A12) -> 38
A13: Shipping | B13: =IFERROR(AVERAGEIF('Cleaned Data '!H5:H304,Analysis!A13,'Cleaned Data '!L5:L304),0) -> 3.6333333 | C13: =IFERROR(AVERAGEIF('Cleaned Data '!H$2:H$301,Analysis!A13,'Cleaned Data '!I$2:I$301),0) -> 7.6066667 | D13: =COUNTIF('Cleaned Data '!H$2:H$4301,Analysis!A13) -> 30
A14: Returns | B14: =IFERROR(AVERAGEIF('Cleaned Data '!H6:H305,Analysis!A14,'Cleaned Data '!L6:L305),0) -> 3.9615385 | C14: =IFERROR(AVERAGEIF('Cleaned Data '!H$2:H$301,Analysis!A14,'Cleaned Data '!I$2:I$301),0) -> 7.2107143 | D14: =COUNTIF('Cleaned Data '!H$2:H$4301,Analysis!A14) -> 28
A15: General Inquiry | B15: =IFERROR(AVERAGEIF('Cleaned Data '!H7:H306,Analysis!A15,'Cleaned Data '!L7:L306),0) -> 3.6956522 | C15: =IFERROR(AVERAGEIF('Cleaned Data '!H$2:H$301,Analysis!A15,'Cleaned Data '!I$2:I$301),0) -> 8.3566114 | D15: =COUNTIF('Cleaned Data '!H$2:H$4301,Analysis!A15) -> 46
A16: Payment | B16: =IFERROR(AVERAGEIF('Cleaned Data '!H8:H307,Analysis!A16,'Cleaned Data '!L8:L307),0) -> 3.8974359 | C16: =IFERROR(AVERAGEIF('Cleaned Data '!H$2:H$301,Analysis!A16,'Cleaned Data '!I$2:I$301),0) -> 7.7951031 | D16: =COUNTIF('Cleaned Data '!H$2:H$4301,Analysis!A16) -> 40
A17: Password Reset | B17: =IFERROR(AVERAGEIF('Cleaned Data '!H9:H308,Analysis!A17,'Cleaned Data '!L9:L308),0) -> 4.05 | C17: =IFERROR(AVERAGEIF('Cleaned Data '!H$2:H$301,Analysis!A17,'Cleaned Data '!I$2:I$301),0) -> 7.2651031 | D17: =COUNTIF('Cleaned Data '!H$2:H$4301,Analysis!A17) -> 40
A19: 📊 C. Monthly KPI Summary
A20: Month | B20: Cases | C20: FCR Yes | D20: FCR Rate | E20: Avg CSAT | F20: Avg Handle Time | G20: Escalations
A21: January | B21: =IFERROR(COUNTIF('Cleaned Data '!R2:R301,Analysis!A21),0) -> 33 | C21: =IFERROR(COUNTIFS('Cleaned Data '!R$2:R$301,Analysis!A21,'Cleaned Data '!K$2:K$301,"Yes"),0) -> 24 | D21: =C21/B21 -> 0.72727273 | E21: =IFERROR(AVERAGEIF('Cleaned Data '!R2:R301,Analysis!A21,'Cleaned Data '!L2:L301),0) -> 3.8181818 | F21: =IFERROR(AVERAGEIF('Cleaned Data '!R2:R301,Analysis!A21,'Cleaned Data '!I2:I301),0) -> 7.1306779 | G21: =IFERROR(COUNTIFS('Cleaned Data '!R2:R301,Analysis!A21,'Cleaned Data '!N2:N301,"Yes"),0) -> 5
A22: February | B22: =IFERROR(COUNTIF('Cleaned Data '!R3:R302,Analysis!A22),0) -> 32 | C22: =IFERROR(COUNTIFS('Cleaned Data '!R$2:R$301,Analysis!A22,'Cleaned Data '!K$2:K$301,"Yes"),0) -> 22 | D22: =C22/B22 -> 0.6875 | E22: =IFERROR(AVERAGEIF('Cleaned Data '!R3:R302,Analysis!A22,'Cleaned Data '!L3:L302),0) -> 3.71875 | F22: =IFERROR(AVERAGEIF('Cleaned Data '!R3:R302,Analysis!A22,'Cleaned Data '!I3:I302),0) -> 6.9876289 | G22: =IFERROR(COUNTIFS('Cleaned Data '!R3:R302,Analysis!A22,'Cleaned Data '!N3:N302,"Yes"),0) -> 5
A23: March | B23: =IFERROR(COUNTIF('Cleaned Data '!R4:R303,Analysis!A23),0) -> 20 | C23: =IFERROR(COUNTIFS('Cleaned Data '!R$2:R$301,Analysis!A23,'Cleaned Data '!K$2:K$301,"Yes"),0) -> 17 | D23: =C23/B23 -> 0.85 | E23: =IFERROR(AVERAGEIF('Cleaned Data '!R4:R303,Analysis!A23,'Cleaned Data '!L4:L303),0) -> 4.1 | F23: =IFERROR(AVERAGEIF('Cleaned Data '!R4:R303,Analysis!A23,'Cleaned Data '!I4:I303),0) -> 8.05 | G23: =IFERROR(COUNTIFS('Cleaned Data '!R4:R303,Analysis!A23,'Cleaned Data '!N4:N303,"Yes"),0) -> 2
A24: April | B24: =IFERROR(COUNTIF('Cleaned Data '!R5:R304,Analysis!A24),0) -> 23 | C24: =IFERROR(COUNTIFS('Cleaned Data '!R$2:R$301,Analysis!A24,'Cleaned Data '!K$2:K$301,"Yes"),0) -> 16 | D24: =C24/B24 -> 0.69565217 | E24: =IFERROR(AVERAGEIF('Cleaned Data '!R5:R304,Analysis!A24,'Cleaned Data '!L5:L304),0) -> 3.826087 | F24: =IFERROR(AVERAGEIF('Cleaned Data '!R5:R304,Analysis!A24,'Cleaned Data '!I5:I304),0) -> 7.7217391 | G24: =IFERROR(COUNTIFS('Cleaned Data '!R5:R304,Analysis!A24,'Cleaned Data '!N5:N304,"Yes"),0) -> 3
A25: May | B25: =IFERROR(COUNTIF('Cleaned Data '!R6:R305,Analysis!A25),0) -> 32 | C25: =IFERROR(COUNTIFS('Cleaned Data '!R$2:R$301,Analysis!A25,'Cleaned Data '!K$2:K$301,"Yes"),0) -> 24 | D25: =C25/B25 -> 0.75 | E25: =IFERROR(AVERAGEIF('Cleaned Data '!R6:R305,Analysis!A25,'Cleaned Data '!L6:L305),0) -> 3.75 | F25: =IFERROR(AVERAGEIF('Cleaned Data '!R6:R305,Analysis!A25,'Cleaned Data '!I6:I305),0) -> 7.7190077 | G25: =IFERROR(COUNTIFS('Cleaned Data '!R6:R305,Analysis!A25,'Cleaned Data '!N6:N305,"Yes"),0) -> 4
A26: June | B26: =IFERROR(COUNTIF('Cleaned Data '!R7:R306,Analysis!A26),0) -> 17 | C26: =IFERROR(COUNTIFS('Cleaned Data '!R$2:R$301,Analysis!A26,'Cleaned Data '!K$2:K$301,"Yes"),0) -> 14 | D26: =C26/B26 -> 0.82352941 | E26: =IFERROR(AVERAGEIF('Cleaned Data '!R7:R306,Analysis!A26,'Cleaned Data '!L7:L306),0) -> 3.8823529 | F26: =IFERROR(AVERAGEIF('Cleaned Data '!R7:R306,Analysis!A26,'Cleaned Data '!I7:I306),0) -> 7.4117647 | G26: =IFERROR(COUNTIFS('Cleaned Data '!R7:R306,Analysis!A26,'Cleaned Data '!N7:N306,"Yes"),0) -> 2
A27: July | B27: =IFERROR(COUNTIF('Cleaned Data '!R8:R307,Analysis!A27),0) -> 34 | C27: =IFERROR(COUNTIFS('Cleaned Data '!R$2:R$301,Analysis!A27,'Cleaned Data '!K$2:K$301,"Yes"),0) -> 29 | D27: =C27/B27 -> 0.85294118 | E27: =IFERROR(AVERAGEIF('Cleaned Data '!R8:R307,Analysis!A27,'Cleaned Data '!L8:L307),0) -> 4.1470588 | F27: =IFERROR(AVERAGEIF('Cleaned Data '!R8:R307,Analysis!A27,'Cleaned Data '!I8:I307),0) -> 7.7176471 | G27: =IFERROR(COUNTIFS('Cleaned Data '!R8:R307,Analysis!A27,'Cleaned Data '!N8:N307,"Yes"),0) -> 3
A28: August | B28: =IFERROR(COUNTIF('Cleaned Data '!R9:R308,Analysis!A28),0) -> 18 | C28: =IFERROR(COUNTIFS('Cleaned Data '!R$2:R$301,Analysis!A28,'Cleaned Data '!K$2:K$301,"Yes"),0) -> 14 | D28: =C28/B28 -> 0.77777778 | E28: =IFERROR(AVERAGEIF('Cleaned Data '!R9:R308,Analysis!A28,'Cleaned Data '!L9:L308),0) -> 4.2222222 | F28: =IFERROR(AVERAGEIF('Cleaned Data '!R9:R308,Analysis!A28,'Cleaned Data '!I9:I308),0) -> 7.9722222 | G28: =IFERROR(COUNTIFS('Cleaned Data '!R9:R308,Analysis!A28,'Cleaned Data '!N9:N308,"Yes"),0) -> 2
A29: September | B29: =IFERROR(COUNTIF('Cleaned Data '!R10:R309,Analysis!A29),0) -> 21 | C29: =IFERROR(COUNTIFS('Cleaned Data '!R$2:R$301,Analysis!A29,'Cleaned Data '!K$2:K$301,"Yes"),0) -> 13 | D29: =C29/B29 -> 0.61904762 | E29: =IFERROR(AVERAGEIF('Cleaned Data '!R10:R309,Analysis!A29,'Cleaned Data '!L10:L309),0) -> 3.7142857 | F29: =IFERROR(AVERAGEIF('Cleaned Data '!R10:R309,Analysis!A29,'Cleaned Data '!I10:I309),0) -> 8.1478154 | G29: =IFERROR(COUNTIFS('Cleaned Data '!R10:R309,Analysis!A29,'Cleaned Data '!N10:N309,"Yes"),0) -> 4
A30: October | B30: =IFERROR(COUNTIF('Cleaned Data '!R11:R310,Analysis!A30),0) -> 32 | C30: =IFERROR(COUNTIFS('Cleaned Data '!R$2:R$301,Analysis!A30,'Cleaned Data '!K$2:K$301,"Yes"),0) -> 24 | D30: =C30/B30 -> 0.75 | E30: =IFERROR(AVERAGEIF('Cleaned Data '!R11:R310,Analysis!A30,'Cleaned Data '!L11:L310),0) -> 3.5625 | F30: =IFERROR(AVERAGEIF('Cleaned Data '!R11:R310,Analysis!A30,'Cleaned Data '!I11:I310),0) -> 7.65 | G30: =IFERROR(COUNTIFS('Cleaned Data '!R11:R310,Analysis!A30,'Cleaned Data '!N11:N310,"Yes"),0) -> 1
A31: November | B31: =IFERROR(COUNTIF('Cleaned Data '!R12:R311,Analysis!A31),0) -> 16 | C31: =IFERROR(COUNTIFS('Cleaned Data '!R$2:R$301,Analysis!A31,'Cleaned Data '!K$2:K$301,"Yes"),0) -> 13 | D31: =C31/B31 -> 0.8125 | E31: =IFERROR(AVERAGEIF('Cleaned Data '!R12:R311,Analysis!A31,'Cleaned Data '!L12:L311),0) -> 4 | F31: =IFERROR(AVERAGEIF('Cleaned Data '!R12:R311,Analysis!A31,'Cleaned Data '!I12:I311),0) -> 7.7755155 | G31: =IFERROR(COUNTIFS('Cleaned Data '!R12:R311,Analysis!A31,'Cleaned Data '!N12:N311,"Yes"),0) -> 0
A32: December | B32: =IFERROR(COUNTIF('Cleaned Data '!R13:R312,Analysis!A32),0) -> 20 | C32: =IFERROR(COUNTIFS('Cleaned Data '!R$2:R$301,Analysis!A32,'Cleaned Data '!K$2:K$301,"Yes"),0) -> 14 | D32: =C32/B32 -> 0.7 | E32: =IFERROR(AVERAGEIF('Cleaned Data '!R13:R312,Analysis!A32,'Cleaned Data '!L13:L312),0) -> 4.2 | F32: =IFERROR(AVERAGEIF('Cleaned Data '!R13:R312,Analysis!A32,'Cleaned Data '!I13:I312),0) -> 7.62 | G32: =IFERROR(COUNTIFS('Cleaned Data '!R13:R312,Analysis!A32,'Cleaned Data '!N13:N312,"Yes"),0) -> 3
A34: 📊 D. Agent Performance Scorecard
A35: Agent ID | B35: Agent Name | C35: Total Cases | D35: FCR Rate | E35: Avg CSAT | F35: Avg Handle Time | G35: Escalation Rate | H35: Performance Tag
A36: AG001 | B36: Alice Uwimana | C36: =IFERROR(COUNTIF('Cleaned Data '!D$2:D$301,Analysis!B36),0) -> 26 | D36: =IFERROR(COUNTIFS('Cleaned Data '!D$2:D$301,Analysis!B36,'Cleaned Data '!K$2:K$301,"Yes"),0)/C36 -> 0.61538462 | E36: =IFERROR(AVERAGEIF('Cleaned Data '!D$2:D$301,Analysis!B36,'Cleaned Data '!L$2:L$301),0) -> 3.6538462 | F36: =IFERROR(AVERAGEIF('Cleaned Data '!D$2:D$301,Analysis!B36,'Cleaned Data '!I$2:I$301),0) -> 8.1770817 | G36: =IFERROR(COUNTIFS('Cleaned Data '!D$2:D$301,Analysis!B36,'Cleaned Data '!N$2:N$301,"Yes"),0)/C36 -> 0.26923077
A37: AG002 | B37: Bob Nshimiyimana | C37: =IFERROR(COUNTIF('Cleaned Data '!D$2:D$301,Analysis!B37),0) -> 37 | D37: =IFERROR(COUNTIFS('Cleaned Data '!D$2:D$301,Analysis!B37,'Cleaned Data '!K$2:K$301,"Yes"),0)/C37 -> 0.67567568 | E37: =IFERROR(AVERAGEIF('Cleaned Data '!D$2:D$301,Analysis!B37,'Cleaned Data '!L$2:L$301),0) -> 3.5945946 | F37: =IFERROR(AVERAGEIF('Cleaned Data '!D$2:D$301,Analysis!B37,'Cleaned Data '!I$2:I$301),0) -> 7.2811925 | G37: =IFERROR(COUNTIFS('Cleaned Data '!D$2:D$301,Analysis!B37,'Cleaned Data '!N$2:N$301,"Yes"),0)/C37 -> 0.13513514
A38: AG003 | B38: Claire Mukamana | C38: =IFERROR(COUNTIF('Cleaned Data '!D$2:D$301,Analysis!B38),0) -> 33 | D38: =IFERROR(COUNTIFS('Cleaned Data '!D$2:D$301,Analysis!B38,'Cleaned Data '!K$2:K$301,"Yes"),0)/C38 -> 0.72727273 | E38: =IFERROR(AVERAGEIF('Cleaned Data '!D$2:D$301,Analysis!B38,'Cleaned Data '!L$2:L$301),0) -> 4.030303 | F38: =IFERROR(AVERAGEIF('Cleaned Data '!D$2:D$301,Analysis!B38,'Cleaned Data '!I$2:I$301),0) -> 7.7060606 | G38: =IFERROR(COUNTIFS('Cleaned Data '!D$2:D$301,Analysis!B38,'Cleaned Data '!N$2:N$301,"Yes"),0)/C38 -> 0.060606061
A39: AG004 | B39: David Habimana | C39: =IFERROR(COUNTIF('Cleaned Data '!D$2:D$301,Analysis!B39),0) -> 33 | D39: =IFERROR(COUNTIFS('Cleaned Data '!D$2:D$301,Analysis!B39,'Cleaned Data '!K$2:K$301,"Yes"),0)/C39 -> 0.75757576 | E39: =IFERROR(AVERAGEIF('Cleaned Data '!D$2:D$301,Analysis!B39,'Cleaned Data '!L$2:L$301),0) -> 3.8484848 | F39: =IFERROR(AVERAGEIF('Cleaned Data '!D$2:D$301,Analysis!B39,'Cleaned Data '!I$2:I$301),0) -> 7.7727273 | G39: =IFERROR(COUNTIFS('Cleaned Data '!D$2:D$301,Analysis!B39,'Cleaned Data '!N$2:N$301,"Yes"),0)/C39 -> 0.12121212
A40: AG005 | B40: Eve Ingabire | C40: =IFERROR(COUNTIF('Cleaned Data '!D$2:D$301,Analysis!B40),0) -> 28 | D40: =IFERROR(COUNTIFS('Cleaned Data '!D$2:D$301,Analysis!B40,'Cleaned Data '!K$2:K$301,"Yes"),0)/C40 -> 0.82142857 | E40: =IFERROR(AVERAGEIF('Cleaned Data '!D$2:D$301,Analysis!B40,'Cleaned Data '!L$2:L$301),0) -> 4.0357143 | F40: =IFERROR(AVERAGEIF('Cleaned Data '!D$2:D$301,Analysis!B40,'Cleaned Data '!I$2:I$301),0) -> 7.6965758 | G40: =IFERROR(COUNTIFS('Cleaned Data '!D$2:D$301,Analysis!B40,'Cleaned Data '!N$2:N$301,"Yes"),0)/C40 -> 0.10714286
A41: AG006 | B41: Frank Nzeyimana | C41: =IFERROR(COUNTIF('Cleaned Data '!D$2:D$301,Analysis!B41),0) -> 28 | D41: =IFERROR(COUNTIFS('Cleaned Data '!D$2:D$301,Analysis!B41,'Cleaned Data '!K$2:K$301,"Yes"),0)/C41 -> 0.82142857 | E41: =IFERROR(AVERAGEIF('Cleaned Data '!D$2:D$301,Analysis!B41,'Cleaned Data '!L$2:L$301),0) -> 3.9285714 | F41: =IFERROR(AVERAGEIF('Cleaned Data '!D$2:D$301,Analysis!B41,'Cleaned Data '!I$2:I$301),0) -> 6.8785714 | G41: =IFERROR(COUNTIFS('Cleaned Data '!D$2:D$301,Analysis!B41,'Cleaned Data '!N$2:N$301,"Yes"),0)/C41 -> 0.10714286
A42: AG007 | B42: Grace Uwase | C42: =IFERROR(COUNTIF('Cleaned Data '!D$2:D$301,Analysis!B42),0) -> 28 | D42: =IFERROR(COUNTIFS('Cleaned Data '!D$2:D$301,Analysis!B42,'Cleaned Data '!K$2:K$301,"Yes"),0)/C42 -> 0.71428571 | E42: =IFERROR(AVERAGEIF('Cleaned Data '!D$2:D$301,Analysis!B42,'Cleaned Data '!L$2:L$301),0) -> 3.9642857 | F42: =IFERROR(AVERAGEIF('Cleaned Data '!D$2:D$301,Analysis!B42,'Cleaned Data '!I$2:I$301),0) -> 7.0465758 | G42: =IFERROR(COUNTIFS('Cleaned Data '!D$2:D$301,Analysis!B42,'Cleaned Data '!N$2:N$301,"Yes"),0)/C42 -> 0.071428571
A43: AG008 | B43: Henry Bizimana | C43: =IFERROR(COUNTIF('Cleaned Data '!D$2:D$301,Analysis!B43),0) -> 28 | D43: =IFERROR(COUNTIFS('Cleaned Data '!D$2:D$301,Analysis!B43,'Cleaned Data '!K$2:K$301,"Yes"),0)/C43 -> 0.85714286 | E43: =IFERROR(AVERAGEIF('Cleaned Data '!D$2:D$301,Analysis!B43,'Cleaned Data '!L$2:L$301),0) -> 4.2857143 | F43: =IFERROR(AVERAGEIF('Cleaned Data '!D$2:D$301,Analysis!B43,'Cleaned Data '!I$2:I$301),0) -> 8.1075847 | G43: =IFERROR(COUNTIFS('Cleaned Data '!D$2:D$301,Analysis!B43,'Cleaned Data '!N$2:N$301,"Yes"),0)/C43 -> 0.071428571
A44: AG009 | B44: Irene Mutesi | C44: =IFERROR(COUNTIF('Cleaned Data '!D$2:D$301,Analysis!B44),0) -> 28 | D44: =IFERROR(COUNTIFS('Cleaned Data '!D$2:D$301,Analysis!B44,'Cleaned Data '!K$2:K$301,"Yes"),0)/C44 -> 0.78571429 | E44: =IFERROR(AVERAGEIF('Cleaned Data '!D$2:D$301,Analysis!B44,'Cleaned Data '!L$2:L$301),0) -> 3.8214286 | F44: =IFERROR(AVERAGEIF('Cleaned Data '!D$2:D$301,Analysis!B44,'Cleaned Data '!I$2:I$301),0) -> 7.2107143 | G44: =IFERROR(COUNTIFS('Cleaned Data '!D$2:D$301,Analysis!B44,'Cleaned Data '!N$2:N$301,"Yes"),0)/C44 -> 0.071428571
A45: AG010 | B45: John Gasana | C45: =IFERROR(COUNTIF('Cleaned Data '!D$2:D$301,Analysis!B45),0) -> 31 | D45: =IFERROR(COUNTIFS('Cleaned Data '!D$2:D$301,Analysis!B45,'Cleaned Data '!K$2:K$301,"Yes"),0)/C45 -> 0.70967742 | E45: =IFERROR(AVERAGEIF('Cleaned Data '!D$2:D$301,Analysis!B45,'Cleaned Data '!L$2:L$301),0) -> 3.8387097 | F45: =IFERROR(AVERAGEIF('Cleaned Data '!D$2:D$301,Analysis!B45,'Cleaned Data '!I$2:I$301),0) -> 8.1970402 | G45: =IFERROR(COUNTIFS('Cleaned Data '!D$2:D$301,Analysis!B45,'Cleaned Data '!N$2:N$301,"Yes"),0)/C45 -> 0.12903226
A47: 📊 E. Channel Performance (SUMIFS)
A48: Channel | B48: Total Cases | C48: Avg CSAT | D48: FCR Rate | E48: Avg Wait Time | F48: Avg Handle Time
A49: Phone | B49: =IFERROR(COUNTIF('Cleaned Data '!G$2:G$301,Analysis!A49),0) -> 172 | C49: =IFERROR(AVERAGEIF('Cleaned Data '!G$2:G$301,Analysis!A49,'Cleaned Data '!L$2:L$301),0) -> 3.8372093 | D49: =IFERROR(COUNTIFS('Cleaned Data '!G$2:G$301,Analysis!A49,'Cleaned Data '!K2:K301,"Yes"),0)/B49 -> 0.74418605 | E49: =IFERROR(AVERAGEIF('Cleaned Data '!G$2:G$301,Analysis!A49,'Cleaned Data '!J$2:J$301),0) -> 4.3226744 | F49: =IFERROR(AVERAGEIF('Cleaned Data '!G$2:G$301,Analysis!A49,'Cleaned Data '!I$2:I$301),0) -> 7.6006773
A50: Chat | B50: =IFERROR(COUNTIF('Cleaned Data '!G$2:G$301,Analysis!A50),0) -> 71 | C50: =IFERROR(AVERAGEIF('Cleaned Data '!G$2:G$301,Analysis!A50,'Cleaned Data '!L$2:L$301),0) -> 4.028169 | D50: =IFERROR(COUNTIFS('Cleaned Data '!G$2:G$301,Analysis!A50,'Cleaned Data '!K3:K302,"Yes"),0)/B50 -> 0.77464789 | E50: =IFERROR(AVERAGEIF('Cleaned Data '!G$2:G$301,Analysis!A50,'Cleaned Data '!J$2:J$301),0) -> 4.1915493 | F50: =IFERROR(AVERAGEIF('Cleaned Data '!G$2:G$301,Analysis!A50,'Cleaned Data '!I$2:I$301),0) -> 7.4818644
A51: Email | B51: =IFERROR(COUNTIF('Cleaned Data '!G$2:G$301,Analysis!A51),0) -> 57 | C51: =IFERROR(AVERAGEIF('Cleaned Data '!G$2:G$301,Analysis!A51,'Cleaned Data '!L$2:L$301),0) -> 3.8947368 | D51: =IFERROR(COUNTIFS('Cleaned Data '!G$2:G$301,Analysis!A51,'Cleaned Data '!K4:K303,"Yes"),0)/B51 -> 0.71929825 | E51: =IFERROR(AVERAGEIF('Cleaned Data '!G$2:G$301,Analysis!A51,'Cleaned Data '!J$2:J$301),0) -> 3.6052632 | F51: =IFERROR(AVERAGEIF('Cleaned Data '!G$2:G$301,Analysis!A51,'Cleaned Data '!I$2:I$301),0) -> 7.7668114

Sheet Sheet1
A1: Count of Case_ID | B1: Column Labels | I1: Date | J1: (All)
A2: Row Labels | B2: Abandoned | C2: Callback | D2: Escalated | E2: Resolved | F2: Transferred | G2: Grand Total | I2: Team | J2: (All)
A3: Negative | B3: 0.19230769 | C3: 0.23076923 | D3: 0.23076923 | E3: 0.096153846 | F3: 0.25 | G3: 1 | I3: Agent_Name | J3: Alice Uwimana
A4: Neutral | B4: 0.29090909 | C4: 0.14545455 | D4: 0.2 | E4: 0.23636364 | F4: 0.12727273 | G4: 1
A5: Positive | B5: 0.28985507 | C5: 0.1884058 | D5: 0.1884058 | E5: 0.17391304 | F5: 0.15942029 | G5: 1 | I5: Count of Case_ID | J5: Column Labels
A6: Very Negative | B6: 0.12068966 | C6: 0.24137931 | D6: 0.12068966 | E6: 0.27586207 | F6: 0.24137931 | G6: 1 | I6: Row Labels | J6: Abandoned | K6: Callback | L6: Escalated | M6: Resolved | N6: Transferred | O6: Grand Total
A7: Very Positive | B7: 0.27272727 | C7: 0.24242424 | D7: 0.1969697 | E7: 0.090909091 | F7: 0.1969697 | G7: 1 | I7: Account | M7: 1 | O7: 1
A8: Grand Total | B8: 0.23666667 | C8: 0.21 | D8: 0.18666667 | E8: 0.17333333 | F8: 0.19333333 | G8: 1 | I8: Billing | J8: 2 | M8: 1 | O8: 3
I9: General Inquiry | J9: 1 | K9: 2 | L9: 1 | M9: 1 | N9: 1 | O9: 6
A10: Date | B10: (All) | I10: Password Reset | J10: 3 | K10: 1 | N10: 5 | O10: 9
I11: Payment | J11: 2 | L11: 2 | M11: 1 | O11: 5
A12: Row Labels | B12: Average of Handle_Time_Min | C12: Average of CSAT_Score | I12: Technical | K12: 1 | L12: 1 | O12: 2
A13: Alice Uwimana | B13: 8.1770817 | C13: 3.6538462 | I13: Grand Total | J13: 8 | K13: 4 | L13: 4 | M13: 4 | N13: 6 | O13: 26
A14: Bob Nshimiyimana | B14: 7.2811925 | C14: 3.5945946
A15: Claire Mukamana | B15: 7.7060606 | C15: 4.030303
A16: David Habimana | B16: 7.7727273 | C16: 3.8484848
A17: Eve Ingabire | B17: 7.6965758 | C17: 4.0357143
A18: Frank Nzeyimana | B18: 6.8785714 | C18: 3.9285714
A19: Grace Uwase | B19: 7.0465758 | C19: 3.9642857
A20: Henry Bizimana | B20: 8.1075847 | C20: 4.2857143
A21: Irene Mutesi | B21: 7.2107143 | C21: 3.8214286
A22: John Gasana | B22: 8.1970402 | C22: 3.8387097
A23: Grand Total | B23: 7.6041237 | C23: 3.8933333
A25: Case_Outcome | B25: (All)
A27: Count of Case_ID | B27: Column Labels
A28: Row Labels | B28: Account | C28: Billing | D28: General Inquiry | E28: Password Reset | F28: Payment | G28: Returns | H28: Shipping | I28: Technical | J28: Grand Total
A29: Email | B29: 8 | C29: 7 | D29: 20 | E29: 10 | F29: 12 | G29: 6 | H29: 6 | I29: 18 | J29: 87
A30: Inbound | B30: 14 | C30: 11 | D30: 16 | E30: 21 | F30: 21 | G30: 9 | H30: 11 | I30: 16 | J30: 119
A31: Outbound | B31: 16 | C31: 17 | D31: 10 | E31: 9 | F31: 7 | G31: 13 | H31: 13 | I31: 9 | J31: 94
A32: Grand Total | B32: 38 | C32: 35 | D32: 46 | E32: 40 | F32: 40 | G32: 28 | H32: 30 | I32: 43 | J32: 300
